Date,0
2016-06-13,100.0
2016-06-14,100.0
2016-06-15,100.0
2016-06-16,100.0
2016-06-17,100.0
2016-06-20,100.0
2016-06-21,100.0
2016-06-22,100.0
2016-06-23,100.0
2016-06-24,100.0
2016-06-27,100.0
2016-06-28,100.0
2016-06-29,100.0
2016-06-30,100.0
2016-07-01,100.39777290364329
2016-07-05,99.87156483485396
2016-07-06,100.09117274382835
2016-07-07,99.99013487741406
2016-07-08,101.05116547839177
2016-07-11,101.35553291704493
2016-07-12,101.72128406202414
2016-07-13,101.8257475305823
2016-07-14,102.12682647320094
2016-07-15,101.86574225715756
2016-07-18,102.07203846682104
2016-07-19,101.88518688869988
2016-07-20,102.15065830593973
2016-07-21,101.9884906843312
2016-07-22,102.21326775212849
2016-07-25,101.98700672761375
2016-07-26,102.11444681261845
2016-07-27,102.32588216186471
2016-07-28,102.36509597769748
2016-07-29,102.76065956194968
2016-08-01,102.45904506730353
2016-08-02,101.9879730903479
2016-08-03,102.10195280924252
2016-08-04,102.38568822602859
2016-08-05,102.69924729717779
2016-08-08,102.79231031869256
2016-08-09,103.17038559476967
2016-08-10,103.19238032312231
2016-08-11,103.44101022057197
2016-08-12,103.47578823037755
2016-08-15,103.64054421192745
2016-08-16,103.30115448731063
2016-08-17,103.42407252302537
2016-08-18,103.72298925229795
2016-08-19,103.37850156221855
2016-08-22,103.3822433039528
2016-08-23,103.5840540246899
2016-08-24,103.30797371587899
2016-08-25,103.19114769332663
2016-08-26,102.85075658312154
2016-08-29,103.33291912427936
2016-08-30,103.23501743638937
2016-08-31,102.99873581125836
2016-09-01,103.16742334352008
2016-09-02,103.56117309354362
2016-09-06,104.11149233734457
2016-09-07,104.09168162953922
2016-09-08,103.72359927346325
2016-09-09,101.96765893373028
2016-09-12,102.6943479074511
2016-09-13,101.4420694878651
2016-09-14,101.48100747593017
2016-09-15,102.14101238695487
2016-09-16,101.80287174456083
2016-09-19,101.96332675389384
2016-09-20,102.11068765089331
2016-09-21,103.15948283376723
2016-09-22,103.72735637473733
2016-09-23,103.27837562939999
2016-09-26,102.7615212945792
2016-09-27,103.25903004097324
2016-09-28,103.6782104799391
2016-09-29,103.03362649404636
2016-09-30,103.41003218011717
2016-10-03,103.21762504345699
2016-10-04,102.75353055528012
2016-10-05,103.04416530588195
2016-10-06,102.96191781236826
2016-10-07,102.73781296041807
2016-10-10,103.02811656673009
2016-10-11,102.08435549470357
2016-10-12,102.15446416200196
2016-10-13,101.96978466615317
2016-10-14,101.8471773699611
2016-10-17,101.75326056395285
2016-10-18,102.33938983999563
2016-10-19,102.55245510797393
2016-10-20,102.44478646556695
2016-10-21,102.45449562551781
2016-10-24,102.59059570457947
2016-10-25,102.45624706755858
2016-10-26,102.11069820010141
2016-10-27,101.7591913295406
2016-10-28,101.6068745341814
2016-10-31,101.6610902144152
2016-11-01,101.30400906431618
2016-11-02,100.92866484205432
2016-11-03,100.69937793928194
2016-11-04,100.55611723148537
2016-11-07,101.79749477764369
2016-11-08,101.94878699259057
2016-11-09,101.63442278317007
2016-11-10,101.25681547952881
2016-11-11,100.85062212686118
2016-11-14,100.61292646875887
2016-11-15,101.25772394625456
2016-11-16,101.04623880563764
2016-11-17,101.14426605845244
2016-11-18,100.76818536696732
2016-11-21,101.29430418191087
2016-11-22,101.56788343684244
2016-11-23,101.3715919135179
2016-11-25,101.63226256221914
2016-11-28,101.54810428165568
2016-11-29,101.74954462888091
2016-11-30,101.42157204083426
2016-12-01,101.05173815294715
2016-12-02,101.25290600810631
2016-12-05,101.6605430605289
2016-12-06,101.95364271464332
2016-12-07,102.90260147360438
2016-12-08,102.91740746733042
2016-12-09,103.03001489722988
2016-12-12,102.869715540774
2016-12-13,103.3926078323413
2016-12-14,102.40939363430542
2016-12-15,102.52465096600888
2016-12-16,102.41385501942742
2016-12-19,102.61483958819426
2016-12-20,102.7778880818664
2016-12-21,102.7380176744791
2016-12-22,102.57917133686816
2016-12-23,102.66707556941634
2016-12-27,102.72671989908714
2016-12-28,102.47974914005873
2016-12-29,102.70589959312478
2016-12-30,102.64036377632976
2017-01-03,103.12099016375718
2017-01-04,103.7025707696509
2017-01-05,104.11446799826474
2017-01-06,104.0099829569499
2017-01-09,103.96539266945219
2017-01-10,103.98628035668877
2017-01-11,104.35097357088814
2017-01-12,104.33139145909257
2017-01-13,104.39868311230138
2017-01-17,104.37415713962613
2017-01-18,104.10761537547023
2017-01-19,103.80828238179097
2017-01-20,104.04778025289507
2017-01-23,104.23066818558044
2017-01-24,104.46514290489353
2017-01-25,104.87942872886603
2017-01-26,104.8421372179533
2017-01-27,104.79159954977716
2017-01-30,104.38347458774189
2017-01-31,104.53287785318096
2017-02-01,104.56267360403966
2017-02-02,104.62392702790982
2017-02-03,105.04770592681894
2017-02-06,104.9953416456567
2017-02-07,105.01100286007706
2017-02-08,105.30551102075286
2017-02-09,105.48017494940322
2017-02-10,105.75397470946938
2017-02-13,106.02934621768553
2017-02-14,106.06723539000389
2017-02-15,106.34779360141036
2017-02-16,106.41550059512488
2017-02-17,106.5030259536745
2017-02-21,106.88808282902912
2017-02-22,106.92745257584826
2017-02-23,107.06744136384258
2017-02-24,107.11183029252834
2017-02-27,107.02928956699813
2017-02-28,106.8653808348484
2017-03-01,107.42700132922334
2017-03-02,106.8506096058079
2017-03-03,107.03063135919227
2017-03-06,106.81333143001342
2017-03-07,106.56327677382282
2017-03-08,106.23235802774141
2017-03-09,106.12291816884928
2017-03-10,106.52354638128904
2017-03-13,106.64110137182858
2017-03-14,106.38169425240058
2017-03-15,107.47758537373404
2017-03-16,107.41355620519666
2017-03-17,107.43079180651019
2017-03-20,107.52070129975115
2017-03-21,106.9205308841891
2017-03-22,107.13384164004137
2017-03-23,107.08660521399747
2017-03-24,107.18859732233096
2017-03-27,107.24830581051697
2017-03-28,107.56294035487348
2017-03-29,107.76313604970157
2017-03-30,107.68157508190009
2017-03-31,107.57159345396077
2017-04-03,107.69695087397174
2017-04-04,107.62125235856965
2017-04-05,107.47489720960428
2017-04-06,107.574112118148
2017-04-07,107.40814354833114
2017-04-10,107.45651705226685
2017-04-11,107.61459007836196
2017-04-12,107.57506330635837
2017-04-13,107.22491783819889
2017-04-17,107.70993659068053
2017-04-18,107.58742709013255
2017-04-19,107.29943240464434
2017-04-20,107.77256978642318
2017-04-21,107.69349302355069
2017-04-24,108.52568701099439
2017-04-25,108.77249853587402
2017-04-26,108.7815449866585
2017-04-27,108.8026794818975
2017-04-28,108.74279196363311
2017-05-01,108.83038655191537
2017-05-02,109.06428559987279
2017-05-03,108.88955184153241
2017-05-04,108.87133970125805
2017-05-05,109.2682240915127
2017-05-08,109.08564182484493
2017-05-09,109.05786019611041
2017-05-10,109.20084837390948
2017-05-11,109.13687874453892
2017-05-12,109.33014535436249
2017-05-15,109.69271876492698
2017-05-16,109.80749459811057
2017-05-17,108.98078202761117
2017-05-18,109.14341161477932
2017-05-19,109.75619271956509
2017-05-22,109.99190091059599
2017-05-23,109.92896092073036
2017-05-24,110.15611859720906
2017-05-25,110.43997043291665
2017-05-26,110.44405380769156
2017-05-30,110.48413872993208
2017-05-31,110.47730470981067
2017-06-01,110.98936386690269
2017-06-02,111.51779157576262
2017-06-05,111.31610976267262
2017-06-06,111.2653592759197
2017-06-07,111.2135460448509
2017-06-08,111.17112180945205
2017-06-09,110.96040671705333
2017-06-12,110.8581867094393
2017-06-13,111.28031990106521
2017-06-14,111.42911299261903
2017-06-15,111.02984641448205
2017-06-16,111.18269167135406
2017-06-19,111.67108540184792
2017-06-20,111.25553186370375
2017-06-21,111.2145209455925
2017-06-22,111.32011440402574
2017-06-23,111.46508623048966
2017-06-26,111.66333306361228
2017-06-27,111.0684498674003
2017-06-28,111.62442982758286
2017-06-29,110.8737153864803
2017-06-30,110.93172955138535
2017-07-03,110.9434972635651
2017-07-05,111.04525398618028
2017-07-06,110.36850035768119
2017-07-07,110.61450182722132
2017-07-10,110.78679649890786
2017-07-11,110.91736044195427
2017-07-12,111.66125608874123
2017-07-13,111.72972321496627
2017-07-14,112.19455838477386
2017-07-17,112.16041704132286
2017-07-18,112.37732023761085
2017-07-19,112.76802748632686
2017-07-20,112.8688586243154
2017-07-21,112.84018968887311
2017-07-24,112.79229780492015
2017-07-25,112.7032702178521
2017-07-26,112.97062196775167
2017-07-27,112.75953776553996
2017-07-28,112.76087104039817
2017-07-31,112.80644561547807
2017-08-01,113.15089897536018
2017-08-02,113.16912667781064
2017-08-03,113.15082642211004
2017-08-04,113.14315810917653
2017-08-07,113.28239250684241
2017-08-08,113.00900575111689
2017-08-09,112.89192970829639
2017-08-10,111.91153581578196
2017-08-11,112.03705516895405
2017-08-14,112.59293487458956
2017-08-15,112.48254250767836
2017-08-16,112.82451824629774
2017-08-17,111.96982481716122
2017-08-18,111.95530997632547
2017-08-21,112.07961368201366
2017-08-22,112.63447564769056
2017-08-23,112.64521146533853
2017-08-24,112.51660076780185
2017-08-25,112.83513551814855
2017-08-28,112.83604311584912
2017-08-29,112.85344838547591
2017-08-30,113.05435233534303
2017-08-31,113.5253498673777
2017-09-01,113.55773139101251
2017-09-05,113.27674824809982
2017-09-06,113.45272000813426
2017-09-07,113.78989466639894
2017-09-08,113.64381546553243
2017-09-11,114.15759686721807
2017-09-12,114.27901154560458
2017-09-13,114.09113237022733
2017-09-14,114.18134457591455
2017-09-15,114.32805374315858
2017-09-18,114.38480971919323
2017-09-19,114.48915653663548
2017-09-20,114.37228945627031
2017-09-21,114.21482174327387
2017-09-22,114.2299869476105
2017-09-25,114.05402740095757
2017-09-26,114.03643406588436
2017-09-27,113.97737242254756
2017-09-28,114.06118696160124
2017-09-29,114.41293636406755
2017-10-02,114.58418704471222
2017-10-03,114.89077827895981
2017-10-04,114.96026234685422
2017-10-05,115.18793122830554
2017-10-06,115.03422997473996
2017-10-09,114.99589979454753
2017-10-10,115.36337683144122
2017-10-11,115.54103621004698
2017-10-12,115.56039630632608
2017-10-13,115.92118935005398
2017-10-16,115.92536868100238
2017-10-17,115.89943331619084
2017-10-18,115.91781127886387
2017-10-19,115.88721525814208
2017-10-20,115.97188646410977
2017-10-23,115.75432003379872
2017-10-24,115.77187704892373
2017-10-25,115.38301246677503
2017-10-26,115.39328916676514
2017-10-27,116.04809100149366
2017-10-30,116.02255602376785
2017-10-31,116.17783805093241
2017-11-01,116.3784602103414
2017-11-02,116.50180691272514
2017-11-03,116.64435925365385
2017-11-06,116.81573203903122
2017-11-07,116.69496093190463
2017-11-08,116.80028684254478
2017-11-09,116.4312289264184
2017-11-10,116.14638340285514
2017-11-13,116.0886592962289
2017-11-14,115.97279765043473
2017-11-15,115.7511859132414
2017-11-16,116.3624642280613
2017-11-17,116.2708685935652
2017-11-20,116.37320327213848
2017-11-21,116.96332197304493
2017-11-22,117.1334198278718
2017-11-24,117.31151032241819
2017-11-27,117.04012490273435
2017-11-28,117.66052516190503
2017-11-29,117.29748226844214
2017-11-30,117.57424979412076
2017-12-01,117.57652492283918
2017-12-04,117.4659498187221
2017-12-05,117.32703702895144
2017-12-06,117.21564939495022
2017-12-07,117.34205384899498
2017-12-08,117.72858642191922
2017-12-11,117.94831185256547
2017-12-12,117.96141630102085
2017-12-13,118.29069199548749
2017-12-14,118.03182940323451
2017-12-15,118.44856152434697
2017-12-18,118.84786341100417
2017-12-19,118.36914224191919
2017-12-20,118.20834720114574
2017-12-21,118.45481893407222
2017-12-22,118.57923273084623
2017-12-26,118.54203079451113
2017-12-27,118.81827257284928
2017-12-28,118.9988692709196
2017-12-29,118.95317720896503
2018-01-02,119.386952486361
2018-01-03,119.89745590035113
2018-01-04,120.26830915231022
2018-01-05,120.68764797387718
2018-01-08,120.7590855258277
2018-01-09,120.651319635277
2018-01-10,120.4630635618028
2018-01-11,121.02162138356576
2018-01-12,121.56430929487256
2018-01-16,121.41345266333525
2018-01-17,122.01655687018246
2018-01-18,121.78061568011505
2018-01-19,122.06808068127422
2018-01-22,122.55192190442521
2018-01-23,122.90152436047883
2018-01-24,122.87009814567683
2018-01-25,122.9199397746335
2018-01-26,123.6425991990586
2018-01-29,122.93236498523598
2018-01-30,122.05027449849355
2018-01-31,122.25876360447964
2018-02-01,121.91697211335628
2018-02-02,120.08362906992325
2018-02-05,117.38594832150392
2018-02-06,118.68212200823983
2018-02-07,117.77024207690467
2018-02-08,115.27461436997636
2018-02-09,116.07518403392193
2018-02-12,117.06347633238398
2018-02-13,117.17586324547506
2018-02-14,118.08037958550403
2018-02-15,119.0364125325837
2018-02-16,119.18672595396173
2018-02-20,118.47117933771577
2018-02-21,117.97734499077129
2018-02-22,118.1325806168005
2018-02-23,119.38626554705175
2018-02-26,120.18733252867396
2018-02-27,119.0158282607552
2018-02-28,118.24070525143233
2018-03-01,117.43288054675867
2018-03-02,117.67287061063533
2018-03-05,118.24348192211181
2018-03-06,118.57452630604888
2018-03-07,118.48771816680443
2018-03-08,118.84711787575856
2018-03-09,119.82901839213727
2018-03-12,119.91870247241583
2018-03-13,119.46253780119302
2018-03-14,119.41203755939023
2018-03-15,119.34810780793258
2018-03-16,119.32404479930157
2018-03-19,118.36987649907003
2018-03-20,118.4609656110691
2018-03-21,118.50887835618862
2018-03-22,116.91617242238684
2018-03-23,115.5576354521365
2018-03-26,117.35647243997542
2018-03-27,116.49868150696314
2018-03-28,116.5167425223093
2018-03-29,117.58098655590818
2018-04-02,116.13223843157829
2018-04-03,116.87366497113274
2018-04-04,117.42804586655538
2018-04-05,117.83504503611834
2018-04-06,116.71294181139453
2018-04-09,117.15744678453105
2018-04-10,118.18249320728751
2018-04-11,117.90398456465066
2018-04-12,118.25553540416568
2018-04-13,118.1003575399213
2018-04-16,118.50683382840197
2018-04-17,119.0835638438219
2018-04-18,119.05227544163417
2018-04-19,118.52421497188665
2018-04-20,117.8054386412343
2018-04-23,117.7098682500273
2018-04-24,116.94215068078775
2018-04-25,116.87962572855751
2018-04-26,117.64650688806142
2018-04-27,117.87584907660185
2018-04-30,117.44815747607102
2018-05-01,117.39636991205278
2018-05-02,116.9810565899276
2018-05-03,116.96786100259256
2018-05-04,117.66359576695369
2018-05-07,117.76034368327096
2018-05-08,117.7238490762318
2018-05-09,118.19751309794653
2018-05-10,119.03935684469346
2018-05-11,119.2349973275048
2018-05-14,119.27550060181724
2018-05-15,118.4219040758829
2018-05-16,118.73723349551466
2018-05-17,118.57245489784806
2018-05-18,118.51249634497131
2018-05-21,119.04187029968851
2018-05-22,118.86832559804569
2018-05-23,118.98556396463975
2018-05-24,118.93665072901891
2018-05-25,118.88315154777617
2018-05-29,118.25737406968794
2018-05-30,119.04126444032717
2018-05-31,118.58586576947928
2018-06-01,119.17754508779099
2018-06-04,119.34792392057001
2018-06-05,119.46334252758261
2018-06-06,120.01034805023545
2018-06-07,119.96383450180842
2018-06-08,120.04343091789849
2018-06-11,120.18282620155529
2018-06-12,120.08696816030665
2018-06-13,119.84472315449871
2018-06-14,120.02159504414823
2018-06-15,119.79464888827201
2018-06-18,119.48843551829583
2018-06-19,119.12144907957224
2018-06-20,119.14101501230724
2018-06-21,118.6588658676836
2018-06-22,119.07217828482571
2018-06-25,118.07301768449642
2018-06-26,118.25598014709175
2018-06-27,117.7053727455656
2018-06-28,118.0543624759296
2018-06-29,118.32561510043479
2018-07-02,118.15145350570614
2018-07-03,118.12353311955994
2018-07-05,118.70080612834882
2018-07-06,119.32801943515757
2018-07-09,119.99716513959048
2018-07-10,120.1564060909135
2018-07-11,119.4275781527637
2018-07-12,120.13191976398721
2018-07-13,120.31368905182367
2018-07-16,120.16143672793106
2018-07-17,120.38257644199435
2018-07-18,120.4484391224735
2018-07-19,120.21427027009105
2018-07-20,120.2552125604958
2018-07-23,120.06413645822973
2018-07-24,120.58142277404838
2018-07-25,121.25890674456048
2018-07-26,120.95798253252435
2018-07-27,120.79392341676638
2018-07-30,120.45552580475596
2018-07-31,120.86804329170528
2018-08-01,120.5480898297063
2018-08-02,120.60317160017124
2018-08-03,121.01805611593032
2018-08-06,121.11204949059501
2018-08-07,121.30553672265818
2018-08-08,121.31165577384954
2018-08-09,121.33906679392801
2018-08-10,120.63959207731156
2018-08-13,120.2267937930165
2018-08-14,120.64989820676327
2018-08-15,119.89097846185813
2018-08-16,120.50369072042687
2018-08-17,120.89691086646968
2018-08-20,121.23572479897128
2018-08-21,121.4459048922946
2018-08-22,121.60382145043954
2018-08-23,121.27527673710487
2018-08-24,121.85534494177276
2018-08-27,122.4769896547378
2018-08-28,122.33293004390576
2018-08-29,122.71902898761701
2018-08-30,122.24640218522984
2018-08-31,122.14269700583824
2018-09-04,121.65348689552229
2018-09-05,121.28346058866366
2018-09-06,121.1858858230799
2018-09-07,120.69919377826525
2018-09-10,120.8771218030809
2018-09-11,120.93854037157374
2018-09-12,121.14400136418095
2018-09-13,121.67415844422808
2018-09-14,121.63716046137448
2018-09-17,121.30969095938711
2018-09-18,121.65170125361878
2018-09-19,121.74950247439072
2018-09-20,122.50080800773624
2018-09-21,122.45280361607452
2018-09-24,122.0857668051133
2018-09-25,122.1366558870705
2018-09-26,122.1545676052142
2018-09-27,122.31900427812093
2018-09-28,122.13107233802423
2018-10-01,122.3011183527114
2018-10-02,122.12046691145065
2018-10-03,121.74342973800805
2018-10-04,120.79646632473117
2018-10-05,120.17301302215888
2018-10-08,120.06207451147297
2018-10-09,120.05226605330856
2018-10-10,117.88952423552591
2018-10-11,116.72956110257753
2018-10-12,117.59615488248934
2018-10-15,117.25208590745405
2018-10-16,118.76539822510064
2018-10-17,118.40063401003276
2018-10-18,117.2905069626032
2018-10-19,117.41408963217114
2018-10-22,117.17808847262332
2018-10-23,116.73893957765767
2018-10-24,114.79463115575844
2018-10-25,115.86203902299395
2018-10-26,114.90865123685661
2018-10-29,114.4809195850377
2018-10-30,115.46969077486072
2018-10-31,116.06625555982997
2018-11-01,117.0051512579963
2018-11-02,116.62237787307168
2018-11-05,116.9755290173112
2018-11-06,117.29512732859261
2018-11-07,118.69041352593747
2018-11-08,118.21166430436826
2018-11-09,117.62325845948409
2018-11-12,116.4139926139014
2018-11-13,116.5245810042531
2018-11-14,116.25516632496092
2018-11-15,116.87804900830236
2018-11-16,117.1079697389821
2018-11-19,116.1296051811832
2018-11-20,114.79778107297014
2018-11-21,115.38559317495155
2018-11-23,114.86350234088435
2018-11-26,115.92943170857252
2018-11-27,115.9851939461068
2018-11-28,117.5266399438672
2018-11-29,117.3450370123847
2018-11-30,117.62585483629591
2018-12-03,118.67304642991785
2018-12-04,116.76350927003857
2018-12-06,116.4349365650524
2018-12-07,115.16799118535175
2018-12-10,115.0607691379079
2018-12-11,115.15748023629496
2018-12-12,115.76777993777742
2018-12-13,115.74923890778312
2018-12-14,114.63311946049971
2018-12-17,113.6052890997827
2018-12-18,113.81188158714721
2018-12-19,112.93742456568532
2018-12-20,112.0652311269835
2018-12-21,110.79530242719136
2018-12-24,109.44654957469719
2018-12-26,111.99823271930747
2018-12-27,112.44850766031946
2018-12-28,112.72620516379409
2018-12-31,113.24446911514897
2019-01-02,113.26364181725359
2019-01-03,112.07751192390779
2019-01-04,114.19827522385492
2019-01-07,114.54988127419927
2019-01-08,115.08481571945957
2019-01-09,115.6757379279005
2019-01-10,115.88290474694223
2019-01-11,115.81782396147288
2019-01-14,115.38050798480727
2019-01-15,116.0316257244095
2019-01-16,116.29059777535515
2019-01-17,116.73594514842652
2019-01-18,117.53910052599298
2019-01-22,116.6335723057351
2019-01-23,116.85560732749614
2019-01-24,117.15233784466375
2019-01-25,117.8310048417136
2019-01-28,117.29205136407268
2019-01-29,117.35514692862127
2019-01-30,118.5570089601268
2019-01-31,119.26764828956009
2019-02-01,119.07804478271521
2019-02-04,119.40997376309474
2019-02-05,119.98216068872554
2019-02-06,119.74038421480404
2019-02-07,119.10179797288627
2019-02-08,119.07126765909406
2019-02-11,118.95260598098584
2019-02-12,119.84857622344417
2019-02-13,119.85479434753512
2019-02-14,119.89452715207763
2019-02-15,120.68076778064072
2019-02-19,120.92802379547304
2019-02-20,121.138400743831
2019-02-21,120.79956588541569
2019-02-22,121.38338191843782
2019-02-25,121.56340606303415
2019-02-26,121.67548764973435
2019-02-27,121.37118793900665
2019-02-28,121.07974837716287
2019-03-01,121.39274095056591
2019-03-04,121.24045126919708
2019-03-05,121.31962797015653
2019-03-06,120.99601843652931
2019-03-07,120.42565704815111
2019-03-08,120.32265721682353
2019-03-11,121.28831296337748
2019-03-12,121.66235012701578
2019-03-13,122.1010694667425
2019-03-14,121.95171006618837
2019-03-15,122.6097076477702
2019-03-18,122.90186001450815
2019-03-19,122.93338480205885
2019-03-20,123.0564449279067
2019-03-21,123.6643183635379
2019-03-22,122.4605984060942
2019-03-25,122.51507636858727
2019-03-26,123.01262760882041
2019-03-27,122.81800891559031
2019-03-28,123.09079100167637
2019-03-29,123.5111728883791
2019-04-01,124.16370263135295
2019-04-02,124.21333731184703
2019-04-03,124.37699803684127
2019-04-04,124.5366516441983
2019-04-05,124.8700988999919
2019-04-08,124.83058762898902
2019-04-09,124.55093021097638
2019-04-10,124.91954762286557
2019-04-11,124.7334301532534
2019-04-12,125.14966388375743
2019-04-15,125.10856955598359
2019-04-16,125.14323640645719
2019-04-17,125.09949017016815
2019-04-18,125.24876789368275
2019-04-22,125.1361507322003
2019-04-23,125.69537508008577
2019-04-24,125.50899428556619
2019-04-25,125.40403860207996
2019-04-26,125.86345669253316
2019-04-29,125.90202072881586
2019-04-30,126.00746578103312
2019-05-01,125.49347499800885
2019-05-02,125.2619404342627
2019-05-03,126.1340814787118
2019-05-06,125.70275246634687
2019-05-07,124.4470308500827
2019-05-08,124.30795407320282
2019-05-09,123.9898948929907
2019-05-10,124.37208670851427
2019-05-13,122.58215587183811
2019-05-14,123.30219483356731
2019-05-15,123.81974204744107
2019-05-16,124.31458833153015
2019-05-17,123.84885898391886
2019-05-20,123.44172126240721
2019-05-21,124.0560880538594
2019-05-22,123.8896269965924
2019-05-23,123.1817851819264
2019-05-24,123.54553386810159
2019-05-28,123.07857428532789
2019-05-29,122.63807943820302
2019-05-30,123.0608083126684
2019-05-31,122.54375760178736
2019-06-03,122.71392786543636
2019-06-04,123.91736632821278
2019-06-05,124.26522907865805
2019-06-06,124.67816207078495
2019-06-07,125.64082446689153
2019-06-10,125.7910434637163
2019-06-11,125.93187761469449
2019-06-12,125.64153988148146
2019-06-13,125.9758661664016
2019-06-14,125.74277247197689
2019-06-17,125.82901759125616
2019-06-18,126.90529016149038
2019-06-19,127.42945145946642
2019-06-20,128.3488392053677
2019-06-21,127.90419912720989
2019-06-24,128.04148373458713
2019-06-25,127.35113746854762
2019-06-26,127.2612518018074
2019-06-27,127.75657537659852
2019-06-28,128.1175025087465
2019-07-01,128.72772334583902
2019-07-02,129.05459081116217
2019-07-03,129.62651533437645
2019-07-05,129.0256820371066
2019-07-08,128.54096505693914
2019-07-09,128.46411415337838
2019-07-10,128.85572825063346
2019-07-11,128.70076446535685
2019-07-12,129.02958743435474
2019-07-15,129.15979280135787
2019-07-16,128.8285879799774
2019-07-17,128.67192551274073
2019-07-18,129.06532464207996
2019-07-19,128.61221489218445
2019-07-22,128.8315600101554
2019-07-23,129.26239826549744
2019-07-24,129.59551464566053
2019-07-25,128.97424301120452
2019-07-26,129.44313181331188
2019-07-29,129.3427035079999
2019-07-30,128.9643586813031
2019-07-31,128.3309074210428
2019-08-01,128.07444309262308
2019-08-02,127.55706242388615
2019-08-05,125.4945003321615
2019-08-06,126.54633925296864
2019-08-07,126.73861388252858
2019-08-08,128.06015348588255
2019-08-09,127.49934375298908
2019-08-12,126.91356452589146
2019-08-13,127.86210980249196
2019-08-14,125.95021026751523
2019-08-15,126.4331907042289
2019-08-16,127.43479109680358
2019-08-19,127.9476520724835
2019-08-20,127.72598049512547
2019-08-21,128.2799785633289
2019-08-22,127.98536627113228
2019-08-23,126.65660078275866
2019-08-26,127.42080522474868
2019-08-27,127.48066922158286
2019-08-28,127.86167389569769
2019-08-29,128.65128055315546
2019-08-30,128.80161208379712
2019-09-03,128.4038768594087
2019-09-04,129.4503609998925
2019-09-05,129.98948746897682
2019-09-06,130.24136599184732
2019-09-09,130.01263130083362
2019-09-10,129.7088249854388
2019-09-11,130.24013532126023
2019-09-12,130.4528983028095
2019-09-13,130.1605611183991
2019-09-16,130.01988973655642
2019-09-17,130.35580299667652
2019-09-18,130.3659582766483
2019-09-19,130.46543763980563
2019-09-20,130.52288260175638
2019-09-23,130.60806488669894
2019-09-24,130.22721861908636
2019-09-25,130.1617966663948
2019-09-26,130.24368767662236
2019-09-27,129.82631153102093
2019-09-30,130.29084723806656
2019-10-01,129.50671913209078
2019-10-02,128.21497960366827
2019-10-03,129.04463076857937
2019-10-04,130.0757739912015
2019-10-07,129.57086159648563
2019-10-08,128.62585759856663
2019-10-09,129.2621046257708
2019-10-10,129.54517570702467
2019-10-11,130.26480139069196
2019-10-14,130.25879756733858
2019-10-15,130.88771932635132
2019-10-16,130.85901416407728
2019-10-17,131.11579688724748
2019-10-18,130.86027345228996
2019-10-21,131.2669250453262
2019-10-22,131.16662750631667
2019-10-23,131.42508974020197
2019-10-24,131.58891697890078
2019-10-25,131.75481224191807
2019-10-28,131.99444455684602
2019-10-29,131.9265900188233
2019-10-30,132.39249688239326
2019-10-31,132.40253613150927
2019-11-01,133.1936080727454
2019-11-04,133.35965962857566
2019-11-05,133.08679051477685
2019-11-06,133.2486825931538
2019-11-07,133.19570670347838
2019-11-08,133.1641937828937
2019-11-11,132.9854857375757
2019-11-12,133.0842994408177
2019-11-13,133.10402995542987
2019-11-14,133.38691378815966
2019-11-15,133.9514299555991
2019-11-18,134.0269032337317
2019-11-19,134.1034293812796
2019-11-20,133.8864871554575
2019-11-21,133.63567463825763
2019-11-22,133.8315860038996
2019-11-25,134.55234291743216
2019-11-26,134.8074200591808
2019-11-27,135.0513832411827
2019-11-29,134.4781555420048
2019-12-02,133.72329390242214
2019-12-03,133.61329161480128
2019-12-04,134.03772419948862
2019-12-05,134.0591373211836
2019-12-06,134.6522797360521
2019-12-09,134.4340004845608
2019-12-10,134.40436553846615
2019-12-11,134.96430794703602
2019-12-12,135.43714380652534
2019-12-13,135.8524507332994
2019-12-16,136.36508658360086
2019-12-17,136.38036797501232
2019-12-18,136.2827887384923
2019-12-19,136.51566497916696
2019-12-20,136.83149208883603
2019-12-23,136.8641495965348
2019-12-24,136.8939761451741
2019-12-26,137.37344459113513
2019-12-27,137.51724079411215
2019-12-30,137.04310352856578
2019-12-31,137.11610687105951
2020-01-02,138.09963379859107
2020-01-03,137.5469141572011
2020-01-06,137.6902260634501
2020-01-07,137.42392778709421
2020-01-08,137.673461799549
2020-01-09,138.28004817813778
2020-01-10,138.24074517326667
2020-01-13,138.80984279599122
2020-01-14,138.80244511882677
2020-01-15,138.98212509550865
2020-01-16,139.53499908020098
2020-01-17,139.71535297002742
2020-01-21,139.3927994363958
2020-01-22,139.58703352285707
2020-01-23,139.61605007515385
2020-01-24,139.11098202507645
2020-01-27,137.77430527092028
2020-01-28,138.4919523961063
2020-01-29,138.66732884553153
2020-01-30,138.66045730231886
2020-01-31,137.36076606838304
2020-02-03,137.81709828709523
2020-02-04,139.0161682465926
2020-02-05,139.70758758122741
2020-02-06,140.0985683289274
2020-02-07,139.68403789863748
2020-02-10,140.3006994168765
2020-02-11,140.55826037525387
2020-02-12,141.04612596016602
2020-02-13,140.78227761200137
2020-02-14,140.923350779989
2020-02-18,140.64558049704485
2020-02-19,141.06125237753588
2020-02-20,140.7173840829317
2020-02-21,140.17618776793216
2020-02-24,137.44940726215665
2020-02-25,135.542014385762
2020-02-26,135.3216376772586
2020-02-27,132.17697657443043
2020-02-28,131.95341806056393
2020-03-02,134.86370687604133
2020-03-03,133.60961972039973
2020-03-04,136.59583496262934
2020-03-05,134.32112588949468
2020-03-06,133.54094971304164
2020-03-09,126.82365883971896
2020-03-10,129.6689090978595
2020-03-11,124.83218433410609
2020-03-12,116.43275391195102
2020-03-13,122.50156014440716
2020-03-16,114.17905506243333
2020-03-17,116.98207192426693
2020-03-18,111.16219897678282
2020-03-19,111.05523878841504
2020-03-20,110.22166472286254
2020-03-23,109.71704839494807
2020-03-24,116.12766220611688
2020-03-25,118.41644722836817
2020-03-26,122.56325920407575
2020-03-27,120.24623047269436
2020-03-30,122.42354009197254
2020-03-31,121.57630751259273
2020-04-01,118.055372069485
2020-04-02,119.90668983657399
2020-04-03,118.58956216710664
2020-04-06,123.37434444541016
2020-04-07,123.47235242150819
2020-04-08,125.64950382464902
2020-04-09,127.81689459037545
2020-04-13,126.92320284827812
2020-04-14,128.9566533902687
2020-04-15,127.25219010496944
2020-04-16,127.57572466135701
2020-04-17,129.64085680939166
2020-04-20,128.2712292422573
2020-04-21,126.01835372176689
2020-04-22,127.69770277016598
2020-04-23,127.7370827175792
2020-04-24,128.64581372641783
2020-04-27,129.60564467678344
2020-04-28,129.71610018070686
2020-04-29,131.9896255053933
2020-04-30,130.72536593531103
2020-05-01,128.60901829350047
2020-05-04,128.91046725793294
2020-05-05,129.43681215164656
2020-05-06,128.59165515455135
2020-05-07,129.84829444637055
2020-05-08,131.02433511942556
2020-05-11,130.75576370071195
2020-05-12,129.69437842523237
2020-05-13,128.64895549740223
2020-05-14,129.28329288218364
2020-05-15,129.41455458786652
2020-05-18,131.93205282111597
2020-05-19,131.160194012901
2020-05-20,132.8226038643159
2020-05-21,132.1496515002013
2020-05-22,132.12519700852582
2020-05-26,133.45204887444297
2020-05-27,134.54141737912258
2020-05-28,134.58480489403766
2020-05-29,135.04214285109433
2020-06-01,135.94625046511914
2020-06-02,136.88201185263023
2020-06-03,138.08776584986504
2020-06-04,137.4463558264627
2020-06-05,139.49534935815575
2020-06-08,140.55661415006944
2020-06-09,139.85527685232353
2020-06-10,139.88567666625877
2020-06-11,134.93799671841546
2020-06-12,136.21549102073314
2020-06-15,136.92658655148142
2020-06-16,138.11143952600713
2020-06-17,137.9971551190236
2020-06-18,138.09348650451236
2020-06-19,137.68860727725962
2020-06-22,138.4481401882914
2020-06-23,138.76079680526215
2020-06-24,136.80489847470872
2020-06-25,137.71071393664042
2020-06-26,136.15127005698875
2020-06-29,137.1950743293506
2020-06-30,137.88522934647736
2020-07-01,138.48533471899557
2020-07-02,139.27906569951793
2020-07-06,140.84980202681004
2020-07-07,139.93421177463787
2020-07-08,140.6035119323566
2020-07-09,140.27480900451064
2020-07-10,140.87801400555063
2020-07-13,140.2112199709307
2020-07-14,141.34288867509355
2020-07-15,142.1605659800899
2020-07-16,141.84828249371125
2020-07-17,142.21493256304726
2020-07-20,142.96586599425112
2020-07-21,143.31823834276585
2020-07-22,143.73781315228626
2020-07-23,142.90777352569884
2020-07-24,142.45496776340167
2020-07-27,143.2508064545588
2020-07-28,142.73573856228978
2020-07-29,143.90406203001507
2020-07-30,143.3810834410721
2020-07-31,143.35399650216266
2020-08-03,144.12158388943396
2020-08-04,144.83576245253934
2020-08-05,145.2809713235918
2020-08-06,145.88564296342105
2020-08-07,145.5825919364546
2020-08-10,145.87214889496198
2020-08-11,145.1974947135309
2020-08-12,146.37647774486325
2020-08-13,145.86070369816238
2020-08-14,145.6233056759205
2020-08-17,146.23656455751077
2020-08-18,146.43440194351314
2020-08-19,145.88575409129086
2020-08-20,146.0827989260262
2020-08-21,146.29569575775537
2020-08-24,147.23282450614633
2020-08-25,147.34099826244238
2020-08-26,148.06766365804174
2020-08-27,147.6174440433197
2020-08-28,148.31376159364143
2020-08-31,147.84115155260395
2020-09-01,148.80782505273652
2020-09-02,150.12311147262508
2020-09-03,147.39824915998997
2020-09-04,146.570855849859
2020-09-08,144.7230151113551
2020-09-09,146.33839978035343
2020-09-10,145.03256349830224
2020-09-11,145.40049775297143
2020-09-14,146.4050810600249
2020-09-15,146.91086637049835
2020-09-16,146.6497498776398
2020-09-17,146.12324688830768
2020-09-18,145.17285689418674
2020-09-21,143.90290205935995
2020-09-22,144.42266055231977
2020-09-23,142.5819203917518
2020-09-24,142.61289810458595
2020-09-25,143.6091944542751
2020-09-28,145.11656592383596
2020-09-29,144.76408753996665
2020-09-30,145.15178035641534
2020-10-01,145.83454146153775
2020-10-02,145.13108761073744
2020-10-05,146.31840722553466
2020-10-06,145.33793358357528
2020-10-07,146.59348299851848
2020-10-08,147.4798686375498
2020-10-09,148.24921862735172
2020-10-12,149.48088183658373
2020-10-13,148.85880993228287
2020-10-14,148.42337578354838
2020-10-15,147.95939759961982
2020-10-16,147.99661331864422
2020-10-19,146.93738544061802
2020-10-20,147.1987980618448
2020-10-21,146.95415138403823
2020-10-22,147.14372168647319
2020-10-23,147.6428731446607
2020-10-26,146.17201883436005
2020-10-27,146.018870394904
2020-10-28,143.10279175356064
2020-10-29,143.654652465716
2020-10-30,142.67678672900195
2020-11-02,143.85233837233528
2020-11-03,145.51523912041182
2020-11-04,147.78235636665408
2020-11-05,149.64585159368036
2020-11-06,149.49925399714368
2020-11-09,150.67391181579666
2020-11-10,150.58006268067342
2020-11-11,151.39313695527883
2020-11-12,150.6339502583462
2020-11-13,151.89355233414446
2020-11-16,153.06621614269378
2020-11-17,152.86038129255468
2020-11-18,152.09110984270689
2020-11-19,152.60819073874222
2020-11-20,152.39304425342664
2020-11-23,152.7760513714662
2020-11-24,154.07806135729805
2020-11-25,153.84653231309392
2020-11-27,154.48484516509245
2020-11-30,153.5884921318183
2020-12-01,154.65783178112886
2020-12-02,154.74261193549432
2020-12-03,155.07751564182448
2020-12-04,155.6833408520208
2020-12-07,155.55646972494588
2020-12-08,155.79875508882355
2020-12-09,155.15518809528712
2020-12-10,155.44725605935753
2020-12-11,155.30095218861806
2020-12-14,154.97392978290114
2020-12-15,156.1486069207549
2020-12-16,156.2921986171351
2020-12-17,156.83298405603827
2020-12-18,156.3768248463438
2020-12-21,155.74296310900388
2020-12-22,155.63893867964453
2020-12-23,156.00732588884617
2020-12-24,156.40763601746252
2020-12-28,157.15792883921142
2020-12-29,157.30081278586306
2020-12-30,157.63410554931633
2020-12-31,157.83833757252725
2021-01-04,157.12638125023756
2021-01-05,157.8906327289175
2021-01-06,158.0630506110766
2021-01-07,159.00897984666727
2021-01-08,159.70457164587185
2021-01-11,158.76140653609517
2021-01-12,158.96900330466835
2021-01-13,159.42222690865447
2021-01-14,159.31743742992649
2021-01-15,158.44094316793692
2021-01-19,159.33131277666766
2021-01-20,160.54559898358428
2021-01-21,160.58433728340026
2021-01-22,160.16235150276543
2021-01-25,160.6804972435425
2021-01-26,160.49205462536307
2021-01-27,158.08359459074515
2021-01-28,158.81121797119775
2021-01-29,156.6472984682379
2021-02-01,158.36240527226673
2021-02-02,159.54771490176913
2021-02-03,159.52562378774982
2021-02-04,160.2235276266349
2021-02-05,160.59284873071255
2021-02-08,161.3861235996135
2021-02-09,161.5054215436484
2021-02-10,161.62550322903238
2021-02-11,161.91666745131218
2021-02-12,162.1431690989347
2021-02-16,161.9126307341699
2021-02-17,161.95046935913865
2021-02-18,161.3605568494138
2021-02-19,161.10953143402594
2021-02-22,160.15375559880448
2021-02-23,160.28893854433161
2021-02-24,160.98777205698767
2021-02-25,158.15635095736818
2021-02-26,157.90886317002662
2021-03-01,160.0573308210463
2021-03-02,159.50322615696396
2021-03-03,158.26608799552878
2021-03-04,156.74836584262002
2021-03-05,158.14782416705688
2021-03-08,157.14228923986852
2021-03-09,158.79141239084197
2021-03-10,159.386406719218
2021-03-11,160.45559635189227
2021-03-12,159.91136643557223
2021-03-15,160.50382900484465
2021-03-16,160.4669879480235
2021-03-17,160.77806386656312
2021-03-18,159.068381840104
2021-03-19,159.19200232026193
2021-03-22,159.950273969525
2021-03-23,159.14387349865203
2021-03-24,158.68104099221193
2021-03-25,159.13017444157333
2021-03-26,160.60117306213868
2021-03-29,160.255264952904
2021-03-30,160.14362062259124
2021-03-31,160.34777471211478
2021-04-01,161.80250412737544
2021-04-05,162.86775651034307
2021-04-06,162.8658936321983
2021-04-07,162.77915000635383
2021-04-08,163.5263008622936
2021-04-09,163.83662734150815
2021-04-12,163.62698197955112
2021-04-13,164.20980829253264
2021-04-14,164.01605362180118
2021-04-15,165.40747286473328
2021-04-16,165.5719623650934
2021-04-19,165.06966900665734
2021-04-20,164.22859805936193
2021-04-21,165.20600622742913
2021-04-22,164.54527730438767
2021-04-23,165.5778979477529
2021-04-26,165.77042134241574
2021-04-27,165.44611450246887
2021-04-28,165.67603735333716
2021-04-29,166.01559222496098
2021-04-30,165.16596122545153
2021-05-03,165.60697005907198
2021-05-04,164.84298441779245
2021-05-05,165.314411838292
2021-05-06,166.21465613917448
2021-05-07,167.11938695780316
2021-05-10,165.97014169343186
2021-05-11,164.79407643137895
2021-05-12,162.32768136675307
2021-05-13,163.48690753645596
2021-05-14,165.23580715542622
2021-05-17,164.9078602908189
2021-05-18,164.61411924868992
2021-05-19,164.0273933562249
2021-05-20,165.41433954606387
2021-05-21,165.32883120626477
2021-05-24,166.35026760913914
2021-05-25,166.5355431040049
2021-05-26,166.6974083993686
2021-05-27,166.66164318264606
2021-05-28,166.93124531452582
2021-06-01,167.22892550628677
2021-06-02,167.48167374660216
2021-06-03,166.8329989607775
2021-06-04,168.1288331192002
2021-06-07,167.99733733134923
2021-06-08,168.10501105332412
2021-06-09,168.04606253275327
2021-06-10,168.74476597966583
2021-06-11,168.86366385076494
2021-06-14,168.87188812184002
2021-06-15,168.76786570018592
2021-06-16,167.861960048492
2021-06-17,168.00771235386583
2021-06-18,166.8657209271436
2021-06-21,167.90187395313075
2021-06-22,168.26373901785513
2021-06-23,168.06889377193144
2021-06-24,168.79847129933825
2021-06-25,169.03887444152286
2021-06-28,169.24180004933297
2021-06-29,169.27233788974075
2021-06-30,169.1986349555586
2021-07-01,169.55433015713615
2021-07-02,170.32821856729697
2021-07-06,170.10644282458267
2021-07-07,170.66887337775626
2021-07-08,169.62380530820383
2021-07-09,170.71599412999166
2021-07-12,171.0183873185486
2021-07-13,170.46928655816146
2021-07-14,170.92446284008926
2021-07-15,170.70264343795225
2021-07-16,169.85674938045412
2021-07-19,168.61902616831998
2021-07-20,169.76190662919376
2021-07-21,170.40316951450185
2021-07-22,170.77288976473136
2021-07-23,171.46807585537871
2021-07-26,171.3652042165057
2021-07-27,170.99366262208815
2021-07-28,171.398422104885
2021-07-29,171.80296731534503
2021-07-30,171.31591692433787
2021-08-02,171.5518025813757
2021-08-03,172.3870342465687
2021-08-04,172.11217881977245
2021-08-05,172.47696726090038
2021-08-06,171.99326211671251
2021-08-09,171.78733606944192
2021-08-10,171.79118944100594
2021-08-11,172.22795118314818
2021-08-12,172.24851104255953
2021-08-13,172.88027000295605
2021-08-16,172.90037111202514
2021-08-17,171.86714846778344
2021-08-18,171.099354506192
2021-08-19,170.84116479161682
2021-08-20,171.47118796928868
2021-08-23,172.55800399969996
2021-08-24,172.8374012736964
2021-08-25,172.83108829957217
2021-08-26,172.15937661305597
2021-08-27,173.46451710090818
2021-08-30,173.8804934681678
2021-08-31,173.85804414218305
2021-09-01,174.30075776069603
2021-09-02,174.70762312106248
2021-09-03,174.72868348537378
2021-09-07,174.22903771672046
2021-09-08,173.95737657655684
2021-09-09,173.90021020819395
2021-09-10,173.1268219585363
2021-09-13,173.63884595854685
2021-09-14,173.27771210752212
2021-09-15,173.94358389404812
2021-09-16,173.49191302959667
2021-09-17,172.30241840594863
2021-09-20,170.56642969599275
2021-09-21,170.85761576526224
2021-09-22,171.88711881672245
2021-09-23,172.5773200762457
2021-09-24,172.1507506101604
2021-09-27,171.94989111720963
2021-09-28,169.4839055449566
2021-09-29,169.49526991249846
2021-09-30,168.62180022715
2021-10-01,169.7322994850898
2021-10-04,168.35259090531
2021-10-05,169.06626348782945
2021-10-06,169.12452375356614
2021-10-07,169.92662735667363
2021-10-08,169.6304383993568
2021-10-11,168.9539706628761
2021-10-12,169.04309779203393
2021-10-13,169.89443725896749
2021-10-14,171.57937559711888
2021-10-15,172.1865425458744
2021-10-18,172.2157567341759
2021-10-19,172.83018836466368
2021-10-20,173.0806623762481
2021-10-21,172.91136269218865
2021-10-22,173.15838938149815
2021-10-25,173.5930846944397
2021-10-26,173.88173759866422
2021-10-27,173.73716532289515
2021-10-28,174.5516765813859
2021-10-29,174.30178660843214
2021-11-01,174.71640114635983
2021-11-02,174.9892434520145
2021-11-03,175.4566673641287
2021-11-04,176.03209971074097
2021-11-05,176.73495427873954
2021-11-08,176.7835778312601
2021-11-09,176.69901037417094
2021-11-10,175.17289617329067
2021-11-11,175.33263524908457
2021-11-12,176.12466453665743
2021-11-15,175.74696216645833
2021-11-16,175.91208113746512
2021-11-17,175.831881239802
2021-11-18,176.11611169931575
2021-11-19,175.96631199835832
2021-11-22,175.06391099158932
2021-11-23,174.80515454233495
2021-11-24,175.09277707403464
2021-11-26,172.98537610391446
2021-11-29,173.97397811028353
2021-11-30,172.64047970192541
2021-12-01,171.88867022580607
2021-12-02,173.51810563132713
2021-12-03,172.99305859326526
2021-12-06,173.86709165756665
2021-12-07,175.889244302254
2021-12-08,175.83958081629575
2021-12-09,175.1441786176556
2021-12-10,175.87845805418047
2021-12-13,175.1188197977988
2021-12-14,174.33427139290646
2021-12-15,175.60637749366458
2021-12-16,175.10026154304157
2021-12-17,174.20349780826814
2021-12-20,173.00472226315412
2021-12-21,174.68362695322696
2021-12-22,175.7986869487964
2021-12-23,176.29682749488865
2021-12-27,177.6143726457022
2021-12-28,177.46049943577384
2021-12-29,177.21861437553832
2021-12-30,177.30476866852925
2021-12-31,177.0506801169204
2022-01-03,177.03742777102428
2022-01-04,177.07990545369546
2022-01-05,175.06387219537294
2022-01-06,174.8597941478264
2022-01-07,174.6088219567584
2022-01-10,174.2329323993331
2022-01-11,175.6519082315042
2022-01-12,176.21393572925555
2022-01-13,175.13173335253285
2022-01-14,174.6374284475211
2022-01-18,172.4585514107289
2022-01-19,171.9039145055404
2022-01-20,171.12970482174111
2022-01-21,169.62767413429128
2022-01-24,169.2964639370159
2022-01-25,168.33362661601146
2022-01-26,167.51600996896926
2022-01-27,167.061700067117
2022-01-28,168.89020979646892
2022-01-31,170.83165624819466
2022-02-01,171.56779793303977
2022-02-02,172.51208928962313
2022-02-03,170.05008465845543
2022-02-04,169.9952059195622
2022-02-07,169.8366172180132
2022-02-08,170.38134928293192
2022-02-09,172.01272643792512
2022-02-10,169.70695337023565
2022-02-11,168.3732616787512
2022-02-14,167.5036799476494
2022-02-15,168.96649860919624
2022-02-16,169.36472942094673
2022-02-17,167.66701678937707
2022-02-18,167.20447642531457
2022-02-22,166.0281801323239
2022-02-23,164.1465787403988
2022-02-24,164.70080452871935
2022-02-25,167.082076348774
2022-02-28,167.03835439852855
2022-03-01,165.7220458294909
2022-03-02,166.4769527605066
2022-03-03,165.78076963195443
2022-03-04,164.57596355151816
2022-03-07,161.13651598125384
2022-03-08,160.51666200940966
2022-03-09,163.3908117870439
2022-03-10,162.20364691451138
2022-03-11,160.87883881827747
2022-03-14,159.6355014409714
2022-03-15,161.41611616086578
2022-03-16,164.78078077686752
2022-03-17,165.9056282519026
2022-03-18,167.14043974924547
2022-03-21,165.96260981762873
2022-03-22,166.98048511508676
2022-03-23,166.12562888805402
2022-03-24,167.15829791566372
2022-03-25,166.93515888019252
2022-03-28,167.59756338886487
2022-03-29,169.51074740556146
2022-03-30,169.0860485172614
2022-03-31,167.525647665297
2022-04-01,167.96179110615682
2022-04-04,168.98017175258286
2022-04-05,166.76419361385166
2022-04-06,165.41323523950277
2022-04-07,165.45753875434815
2022-04-08,164.8872662987258
2022-04-11,162.93885988940877
2022-04-12,162.6613702402686
2022-04-13,164.02500653638938
2022-04-14,162.40842944987997
2022-04-18,162.0253279648709
2022-04-19,162.72926915512747
2022-04-20,163.34508624858174
2022-04-21,161.5730336695062
2022-04-22,159.146315218256
2022-04-25,159.80684912301575
2022-04-26,157.29851160964301
2022-04-27,157.3362206088769
2022-04-28,159.44539557009608
2022-04-29,156.40276297693484
2022-05-02,156.35952145655074
2022-05-03,157.13416285198463
2022-05-04,159.9582635963768
2022-05-05,155.81180437711222
2022-05-06,154.73356946300032
2022-05-09,151.99316586548684
2022-05-10,152.51880707265462
2022-05-11,151.66742300689745
2022-05-12,151.51893413459092
2022-05-13,153.6065517615883
2022-05-16,153.40748942425424
2022-05-17,154.9895091153597
2022-05-18,152.06335856538556
2022-05-19,152.24274790356745
2022-05-20,152.71977175457485
2022-05-23,154.02989354077675
2022-05-24,153.89843866474502
2022-05-25,154.8501390238219
2022-05-26,156.4573297391866
2022-05-27,158.5606124491064
2022-05-31,157.73129686427944
2022-06-01,156.73500853975148
2022-06-02,158.66339614543833
2022-06-03,156.92375554233402
2022-06-06,156.80256642794097
2022-06-07,157.7224757362379
2022-06-08,156.47754679916727
2022-06-09,154.21169479621432
2022-06-10,151.26380999107124
2022-06-13,146.7251889938232
2022-06-14,146.19626384632906
2022-06-15,148.33628248845142
2022-06-16,145.61124105319269
2022-06-17,145.71534381939648
2022-06-21,147.3207228123792
2022-06-22,147.38401367452045
2022-06-23,148.20564153538916
2022-06-24,150.76858668319977
2022-06-27,150.13602200536198
2022-06-28,148.69950964905533
2022-06-29,148.83658375150404
2022-06-30,148.43435189320218
2022-07-01,149.52444414111483
2022-07-05,149.18255321583234
2022-07-06,148.92052940699205
2022-07-07,150.25274882113774
2022-07-08,149.98621394809646
2022-07-11,148.91340667901125
2022-07-12,148.4774769421465
2022-07-13,148.36375374946047
2022-07-14,147.48911381368796
2022-07-15,149.3097818366063
2022-07-18,148.76542808928448
2022-07-19,151.1135599082348
2022-07-20,151.33435401600929
2022-07-21,152.932247705268
2022-07-22,152.75777389851262
2022-07-25,152.77932780888796
2022-07-26,151.61075261735434
2022-07-27,154.09012909235784
2022-07-28,155.4704932301156
2022-07-29,156.65445940400355
2022-08-01,156.68344629463337
2022-08-02,155.22794717689106
2022-08-03,156.8811825895456
2022-08-04,157.09731554247244
2022-08-05,156.1086072129298
2022-08-08,156.48189533096337
2022-08-09,155.76978868674058
2022-08-10,157.9427136718717
2022-08-11,157.51614404110674
2022-08-12,159.21750616958434
2022-08-15,159.31690446628514
2022-08-16,159.3554113532414
2022-08-17,158.18728326378405
2022-08-18,158.35236212398766
2022-08-19,156.5202359553632
2022-08-22,154.48040685391044
2022-08-23,154.4258476411432
2022-08-24,154.493375073234
2022-08-25,156.29097222299805
2022-08-26,153.2329332952744
2022-08-29,152.43900853742096
2022-08-30,151.47867951801078
2022-08-31,150.61072582033324
2022-09-01,150.03717812518573
2022-09-02,149.36300509805557
2022-09-06,148.32021376845066
2022-09-07,150.15494646204334
2022-09-08,150.3918443061488
2022-09-09,152.14232975686954
2022-09-12,153.03618596680437
2022-09-13,148.94284316775398
2022-09-14,149.4279822602202
2022-09-15,148.27295215202503
2022-09-16,147.5437724066469
2022-09-19,148.13038433596483
2022-09-20,146.64483471265848
2022-09-21,145.41615893430244
2022-09-22,144.09247188961947
2022-09-23,142.07814682921634
2022-09-26,140.32777955107989
2022-09-27,139.48032611891702
2022-09-28,142.15234460246273
2022-09-29,140.21383359997134
2022-09-30,139.00303774520722
2022-10-03,141.6562964224345
2022-10-04,144.77069610808482
2022-10-05,143.96022362005255
2022-10-06,142.7644131477237
2022-10-07,140.3030162897017
2022-10-10,139.25293259769472
2022-10-11,138.5328995225333
2022-10-12,138.39942442593338
2022-10-13,140.1474718685902
2022-10-14,138.10158732755355
2022-10-17,140.344465306403
2022-10-18,141.23920837979546
2022-10-19,139.86391569790325
2022-10-20,139.0245423261483
2022-10-21,140.89365752895216
2022-10-24,141.13166114351026
2022-10-25,143.21825613426174
2022-10-26,143.4814311795916
2022-10-27,143.23953261170078
2022-10-28,144.60006544133137
2022-10-31,143.5926715023513
2022-11-01,143.98405938867066
2022-11-02,141.93670137913924
2022-11-03,141.04646229651485
2022-11-04,143.07240908000728
2022-11-07,143.54884892735058
2022-11-08,144.4756422653882
2022-11-09,142.8130980282633
2022-11-10,148.96226656341432
2022-11-11,150.2408997808573
2022-11-14,149.21686170793248
2022-11-15,150.70443573613488
2022-11-16,150.40740374589095
2022-11-17,149.8960154900393
2022-11-18,150.023587060202
2022-11-21,149.4931630187801
2022-11-22,151.06199209519664
2022-11-23,152.1688745011241
2022-11-25,152.25340898839377
2022-11-28,150.81590836174672
2022-11-29,150.81929516751606
2022-11-30,153.9338305278818
2022-12-01,154.74850423790159
2022-12-02,154.88359566865287
2022-12-05,152.796436566426
2022-12-06,151.94418986750665
2022-12-07,152.3900632457793
2022-12-08,152.90625423312278
2022-12-09,151.98888941096916
2022-12-12,152.84888908697388
2022-12-13,154.14370353862626
2022-12-14,153.83146367165443
2022-12-15,151.5348845575569
2022-12-16,150.44647880078514
2022-12-19,149.45073929290055
2022-12-20,149.1499154555518
2022-12-21,150.57905391865313
2022-12-22,149.4242864255454
2022-12-23,149.55217280821017
2022-12-27,149.01950032095004
2022-12-28,147.67175306777276
2022-12-29,149.54692725603954
2022-12-30,148.8038979801891
2023-01-03,149.15648341651385
2023-01-04,150.67052175805597
2023-01-05,149.64738892905999
2023-01-06,152.54131247681693
2023-01-09,152.86197657974628
2023-01-10,153.09123509418967
2023-01-11,154.49142948451473
2023-01-12,155.673528444251
2023-01-13,155.8365828887472
2023-01-17,155.64493558859942
2023-01-18,155.19558608976914
2023-01-19,154.70050081875752
2023-01-20,155.87314997317307
2023-01-23,156.60496487448555
2023-01-24,156.85284035791955
2023-01-25,157.06245105038792
2023-01-26,157.80887073330803
2023-01-27,157.76194666974976
2023-01-30,156.39885049424282
2023-01-31,157.73744546279175
2023-02-01,159.23908319854817
2023-02-02,160.09478040909917
2023-02-03,158.40856811308151
2023-02-06,157.1640849051912
2023-02-07,158.1586801327432
2023-02-08,157.44209534485623
2023-02-09,156.65839222830698
2023-02-10,156.30623742213925
2023-02-13,157.4639490041854
2023-02-14,157.29146094812225
2023-02-15,157.02992344847124
2023-02-16,155.77280127795913
2023-02-17,155.7461972576478
2023-02-21,153.470041677721
2023-02-22,153.36149038808293
2023-02-23,154.24990355178858
2023-02-24,152.58943355053455
2023-02-27,153.25165792960064
2023-02-28,152.80973348230253
2023-03-01,152.5784704200138
2023-03-02,153.01232694065519
2023-03-03,155.01671085193706
2023-03-06,154.81981302282713
2023-03-07,153.23883697911637
2023-03-08,153.407382879818
2023-03-09,151.9919985728168
2023-03-10,151.75952267896025
2023-03-13,151.83185293979136
2023-03-14,152.70963222145727
2023-03-15,152.07085993133768
2023-03-16,153.34889022639527
2023-03-17,152.7355186156427
2023-03-20,153.52331707486832
2023-03-21,154.5668886442406
2023-03-22,154.0671048174418
2023-03-23,154.53734929382773
2023-03-24,154.87502527511515
2023-03-27,154.4517770819635
2023-03-28,154.47130914827983
2023-03-29,155.71639458530188
2023-03-30,156.54632452479495
2023-03-31,157.9707036279371
2023-04-03,158.64784862149477
2023-04-04,158.48001951628032
2023-04-05,158.30442032458274
2023-04-06,158.6431649479848
2023-04-10,158.31569944622794
2023-04-11,158.50923537119067
2023-04-12,158.37780892540349
2023-04-13,159.5930762001763
2023-04-14,158.99468298712762
2023-04-17,158.87955184996866
2023-04-18,159.12427648592038
2023-04-19,158.76516519614202
2023-04-20,158.65157364064808
2023-04-21,158.60710560129127
2023-04-24,158.98363443196618
2023-04-25,157.86766008913582
2023-04-26,157.4199959677654
2023-04-27,158.77279085323823
2023-04-28,159.7998735789461
2023-05-01,158.9306349819871
2023-05-02,158.5653396646456
2023-05-03,158.38635953229843
2023-05-04,157.91589191556474
2023-05-05,159.37590210412571
2023-05-08,159.05633984336265
2023-05-09,158.60158771720157
2023-05-10,159.2006418574167
2023-05-11,159.15196794767408
2023-05-12,158.5778113524188
2023-05-15,159.00631216944575
2023-05-16,158.0976622210702
2023-05-17,158.96354666275136
2023-05-18,159.22697658460555
2023-05-19,159.1491749916559
2023-05-22,159.2264918512735
2023-05-23,158.14047151297646
2023-05-24,157.0569378289419
2023-05-25,157.3232778137385
2023-05-26,158.72657668726623
2023-05-30,158.85054125727393
2023-05-31,158.3038384322438
2023-06-01,159.6863025083282
2023-06-02,160.7993216843507
2023-06-05,160.49006548416327
2023-06-06,161.04528051115244
2023-06-07,160.10333883906256
2023-06-08,161.12526265682533
2023-06-09,161.13518165403372
2023-06-12,161.95493580425574
2023-06-13,162.43776523212705
2023-06-14,162.75373704171295
2023-06-15,164.29729003099752
2023-06-16,163.7662571225536
2023-06-20,163.08593667598248
2023-06-21,162.79411967610358
2023-06-22,162.5467482252494
2023-06-23,161.7136945421842
2023-06-26,161.6589797069709
2023-06-27,162.57077862887536
2023-06-28,162.73784285945572
2023-06-29,162.36923282387826
2023-06-30,163.8121157225122
2023-07-03,163.89306486318824
2023-07-05,163.09709802737544
2023-07-06,161.39243836159068
2023-07-07,161.472307741526
2023-07-10,161.93182429845905
2023-07-11,162.8783578855316
2023-07-12,164.5792176659481
2023-07-13,166.14880753995254
2023-07-14,165.50877721343153
2023-07-17,165.84066200948715
2023-07-18,166.52115186465886
2023-07-19,166.85723773319535
2023-07-20,165.8317451753306
2023-07-21,165.92851903281928
2023-07-24,166.24760333517307
2023-07-25,166.46992119215528
2023-07-26,166.76705771658598
2023-07-27,165.49627560512693
2023-07-28,166.85471537188758
2023-07-31,167.0857718766225
2023-08-01,166.02798514455054
2023-08-02,164.097673285083
2023-08-03,163.3990130375908
2023-08-04,163.8124224853307
2023-08-07,164.41184152148608
2023-08-08,164.0616709374533
2023-08-09,163.73681154298592
2023-08-10,163.43690110668544
2023-08-11,162.92226381034553
2023-08-14,162.9659586826919
2023-08-15,161.58742862879333
2023-08-16,160.5983402462235
2023-08-17,159.8909382204573
2023-08-18,159.9516874120089
2023-08-21,160.15056079620882
2023-08-22,159.99419097437948
2023-08-23,161.8250321667301
2023-08-24,160.4308460478369
2023-08-25,161.04381277855734
2023-08-28,161.9185873412386
2023-08-29,163.70019427958246
2023-08-30,163.89322150614893
2023-08-31,163.72517402813833
2023-09-01,163.65948407626163
2023-09-05,162.7087270587224
2023-09-06,162.06445203363964
2023-09-07,161.9252124425152
2023-09-08,162.017702494894
2023-09-11,162.70173875588011
2023-09-12,162.32918261688468
2023-09-13,162.42542177660275
2023-09-14,163.3124851440975
2023-09-15,162.27920513561327
2023-09-18,162.3679958599483
2023-09-19,161.95439623734995
2023-09-20,161.1954669018401
2023-09-21,159.01096630099238
2023-09-22,159.29186997449253
2023-09-25,158.93367903101358
2023-09-26,157.40017198798185
2023-09-27,157.1568033398356
2023-09-28,157.89540190923375
2023-09-29,157.62971372659848
2023-10-02,156.69858087661177
2023-10-03,154.90640900055777
2023-10-04,155.73175149611248
2023-10-05,155.98804301674716
2023-10-06,156.84707317282002
2023-10-09,157.9002100207335
2023-10-10,158.61857676677818
2023-10-11,159.4074572557347
2023-10-12,158.07899915319578
2023-10-13,157.86719307433407
2023-10-16,158.42143694530552
2023-10-17,157.9629829725899
2023-10-18,156.27935852007565
2023-10-19,155.15643426647478
2023-10-20,154.2994908505806
2023-10-23,154.5448435332122
2023-10-24,155.50648997028563
2023-10-25,153.80729122986898
2023-10-26,153.24180880746383
2023-10-27,152.84451996754723
2023-10-30,153.81313970613743
2023-10-31,154.02077490812735
2023-11-01,155.70415853327043
2023-11-02,158.08114689109
2023-11-03,159.47022191577105
2023-11-06,159.28872508660683
2023-11-07,159.5698791136634
2023-11-08,159.7683684411273
2023-11-09,158.65998096644213
2023-11-10,159.95695960718058
2023-11-13,159.9037664762386
2023-11-14,162.82570573611977
2023-11-15,162.64448746844042
2023-11-16,162.98019265259492
2023-11-17,163.47924976129787
2023-11-20,164.35264531066994
2023-11-21,164.1317821237224
2023-11-22,164.51306657296996
2023-11-24,164.4371241908307
2023-11-27,164.6185731343708
2023-11-28,165.01533101796733
2023-11-29,165.3830845650576
2023-11-30,165.3333160567384
2023-12-01,166.67084876068705
2023-12-04,165.75367296159212
2023-12-05,166.05714106157643
2023-12-06,166.10817402675556
2023-12-07,166.73675175800707
2023-12-08,166.72019703487908
2023-12-11,167.0582871287034
2023-12-12,167.59473905946663
2023-12-13,169.94777659131864
2023-12-14,171.12524595934025
2023-12-15,170.61218040865916
2023-12-18,170.83246030874295
2023-12-19,171.69062944404385
2023-12-20,170.4878721721194
2023-12-21,171.76463052621838
2023-12-22,171.7618033125255
2023-12-26,172.39449673350606
2023-12-27,173.21589150180571
2023-12-28,173.13252235721424
2023-12-29,172.74612334496186
2024-01-02,171.54553048076312
2024-01-03,170.78972295849104
2024-01-04,170.19113494865573
2024-01-05,170.08882783286697
2024-01-08,171.5940056444411
2024-01-09,171.04605861542194
2024-01-10,171.5107426479983
2024-01-11,171.88365100771458
2024-01-12,172.18912710182565
2024-01-16,170.6787815552174
2024-01-17,169.64698463741158
2024-01-18,170.4278745089489
2024-01-19,171.54175366096254
2024-01-22,171.8314207810972
2024-01-23,171.92828685465116
2024-01-24,172.13537750835764
2024-01-25,172.91296236405873
2024-01-26,172.86138707612804
2024-01-29,173.91141085953797
2024-01-30,173.87295459856222
2024-01-31,172.81997694908688
2024-02-01,174.55836044498568
2024-02-02,174.32361298360564
2024-02-05,173.36917648197942
2024-02-06,174.37408438688558
2024-02-07,174.75671508141642
2024-02-08,174.50077539753397
2024-02-09,174.98807405629515
2024-02-12,175.1021986734053
2024-02-13,172.802943335168
2024-02-14,174.18097359747426
2024-02-15,175.1997717478128
2024-02-16,174.69971881080085
2024-02-20,174.56972656413757
2024-02-21,174.46847389126845
2024-02-22,176.4249093184553
2024-02-23,176.81748792856536
2024-02-26,176.28845298410653
2024-02-27,176.36974527066278
2024-02-28,176.11573091288452
2024-02-29,176.63833959692008
2024-03-01,178.05478476035526
2024-03-04,177.74438209261302
2024-03-05,177.24524116944528
2024-03-06,178.30213623258817
2024-03-07,179.42350547408205
2024-03-08,178.97301285032975
2024-03-11,178.7885656785622
2024-03-12,179.62689697941093
2024-03-13,179.37569497319947
2024-03-14,178.44924445952162
2024-03-15,177.75011587229935
2024-03-18,178.22105097875024
2024-03-19,178.76536654335794
2024-03-20,179.98426452413145
2024-03-21,180.2720712309605
2024-03-22,180.27143975898474
2024-03-25,179.8733283337007
2024-03-26,179.77754729325036
2024-03-27,180.94538824382988
2024-03-28,180.90673422554877
2024-04-01,180.1376894496493
2024-04-02,179.43119262221254
2024-04-03,179.7001332233479
2024-04-04,178.76468257197658
2024-04-05,179.2177341915439
2024-04-08,179.37965146041287
2024-04-09,179.87455274763172
2024-04-10,177.79274270298424
2024-04-11,178.35409352795222
2024-04-12,176.80694752005044
2024-04-15,175.28642920824785
2024-04-16,174.500577858979
2024-04-17,174.4851991330465
2024-04-18,174.20620732686885
2024-04-19,173.68934760183
2024-04-22,174.82082814661916
2024-04-23,176.07307552042275
2024-04-24,175.82613257559413
2024-04-25,175.25984483145058
2024-04-26,176.40392868926355
2024-04-29,177.16298482073356
2024-04-30,175.16734224954618
2024-05-01,175.2007407554733
2024-05-02,176.87123816250553
2024-05-03,178.48400451145486
2024-05-06,179.54894053893264
2024-05-07,179.68177360643296
2024-05-08,179.46149376850002
2024-05-09,180.22730430658336
2024-05-10,180.2049594889373
2024-05-13,180.35689446943056
2024-05-14,181.09249964215664
2024-05-15,182.90000716453193
2024-05-16,182.57060006682462
2024-05-17,182.63963315827442
2024-05-20,182.61817934409453
2024-05-21,182.77090877335664
2024-05-22,182.20250011758333
2024-05-23,181.19814548551167
2024-05-24,182.10529490155486
2024-05-28,181.77896420236212
2024-05-29,180.27923912590157
2024-05-30,180.39863076869275
2024-05-31,181.43994148015315
2024-06-03,182.16227603682012
2024-06-04,182.31174035583152
2024-06-05,183.79787526154917
2024-06-06,183.88455250191274
2024-06-07,182.715128454219
2024-06-10,182.89142843489293
2024-06-11,183.03560719197745
2024-06-12,184.43130298582744
2024-06-13,184.53460226549234
2024-06-14,184.43991412002
2024-06-17,184.91060950338698
2024-06-18,185.60827493322046
2024-06-20,185.26974691869805
2024-06-21,184.89038639094434
2024-06-24,185.01760936717545
2024-06-25,185.39009262682737
2024-06-26,184.91821850184945
2024-06-27,185.22410821190738
2024-06-28,184.57309231557196
2024-07-01,184.29081618566727
2024-07-02,185.260546149544
2024-07-03,186.53490576441376
2024-07-05,187.51764031242217
2024-07-08,187.4872400908327
2024-07-09,187.38140638268393
2024-07-10,188.64875969669325
2024-07-11,188.62723968959145
2024-07-12,189.5961721543509
2024-07-15,189.12600403897406
2024-07-16,190.17934989507728
2024-07-17,188.81627203125052
2024-07-18,187.59671351827967
2024-07-19,186.61080166075018
2024-07-22,187.7085504854444
2024-07-23,187.31583532846975
2024-07-24,184.87692321854252
2024-07-25,184.49971689598544
2024-07-26,186.11289056773137
2024-07-29,186.1118022236448
2024-07-30,185.8523792077507
2024-07-31,188.0723220846407
2024-08-01,186.3850492164192
2024-08-02,185.167280569574
2024-08-05,182.03175522209236
2024-08-06,182.28621575335666
2024-08-07,181.86567802298276
2024-08-08,184.1636091024791
2024-08-09,184.9101727823469
2024-08-12,185.15998620673557
2024-08-13,187.30221131329674
2024-08-14,187.72326345512886
2024-08-15,189.14525178432567
2024-08-16,189.85582982794367
2024-08-19,191.11808913447655
2024-08-20,191.03339740861327
2024-08-21,191.78759745033767
2024-08-22,190.4713425346225
2024-08-23,192.47526560264936
2024-08-26,191.9666968231597
2024-08-27,192.24783415420436
2024-08-28,191.53541705424323
2024-08-29,191.59517201755577
2024-08-30,192.15163998351713
2024-09-03,190.16994481731686
2024-09-04,190.32242158593854
2024-09-05,190.33432080642692
2024-09-06,188.3232287655368
2024-09-09,189.74334119957857
2024-09-10,190.04257497268898
2024-09-11,191.13397100111123
2024-09-12,192.02834959907963
2024-09-13,192.70449723630585
2024-09-16,193.38371136591627
2024-09-17,193.16087387742456
2024-09-18,192.49934330890588
2024-09-19,194.69100348913605
2024-09-20,194.22671770337055
2024-09-23,194.638069002763
2024-09-24,195.63148521127624
2024-09-25,194.7818251242983
2024-09-26,196.29290112008633
2024-09-27,196.18176239301349
2024-09-30,196.0046444944628
2024-10-01,195.52575290331507
2024-10-02,195.54608958744697
2024-10-03,194.61181399071364
2024-10-04,195.09012745565184
2024-10-07,193.97065038169112
2024-10-08,194.47538143652199
2024-10-09,194.7888991960173
2024-10-10,194.62170478230587
2024-10-11,195.26402923111047
2024-10-14,195.91267863292973
2024-10-15,194.90483834666514
2024-10-16,195.6615680008866
2024-10-17,195.18628241770327
2024-10-18,195.86382751839514
2024-10-21,194.6708549244094
2024-10-22,194.42683299290513
2024-10-23,193.18225310275253
2024-10-24,193.6831479789395
2024-10-25,193.40435138040473
2024-10-28,193.8472854779242
2024-10-29,193.89767033814312
2024-10-30,193.28784708639145
2024-10-31,191.4336354766898
2024-11-01,191.49168270813794
2024-11-04,191.87656107015243
2024-11-05,193.42226329211758
2024-11-06,194.09007549616922
2024-11-07,196.0623330665122
2024-11-08,195.83817617540737
2024-11-11,195.6277636068766
2024-11-12,194.13624821459612
2024-11-13,193.80104803714738
2024-11-14,193.27309962980115
2024-11-15,192.24533424978694
2024-11-18,193.0563541027976
2024-11-19,193.45751210441534
2024-11-20,193.2466989913984
2024-11-21,193.69251141422606
2024-11-22,194.09956007259973
2024-11-25,195.28809948326662
2024-11-26,195.31297613512916
2024-11-27,195.51329460533566
2024-11-29,196.6678571594184
2024-12-02,197.0088350943637
2024-12-03,196.96968846659797
2024-12-04,197.79163645577898
2024-12-05,197.83921284751034
2024-12-06,198.08244534885824
2024-12-09,197.67658068229403
2024-12-10,196.85590312883167
2024-12-11,197.52322053328876
2024-12-12,196.40863303222625
2024-12-13,195.99669009774362
2024-12-16,196.17866424017052
2024-12-17,195.77673069121835
2024-12-18,191.8622886300628
2024-12-19,191.48996298291868
2024-12-20,192.64041846656545
2024-12-23,193.1934274757537
2024-12-24,194.3528564344497
2024-12-26,194.4036707435758
2024-12-27,193.21138514946279
2024-12-30,192.41726949363039
2024-12-31,191.95080712748236
2025-01-02,191.7599486787061
2025-01-03,192.92471334862572
2025-01-06,193.66575146913166
2025-01-07,192.35768739118254
2025-01-08,192.47163473713397
2025-01-10,190.16816363819257
2025-01-13,190.06203963016048
2025-01-14,190.46439891914787
2025-01-15,193.02401844252327
2025-01-16,193.1688079176402
2025-01-17,194.12370811210067
2025-01-21,195.87878475402565
2025-01-22,196.08164295795225
2025-01-23,196.59198139184414
2025-01-24,196.74685458678618
2025-01-27,195.79907798579063
2025-01-28,196.50755578154275
2025-01-29,196.07556328965867
2025-01-30,197.15406849700312
2025-01-31,196.12343139937778
2025-02-03,195.3012050671935
2025-02-04,196.5357779918043
2025-02-05,197.5948126022455
2025-02-06,197.9394004591458
2025-02-07,196.6646798930521
2025-02-10,197.55775825863154
2025-02-11,197.5290178590446
2025-02-12,196.98412649190547
2025-02-13,198.87972574784052
2025-02-14,199.20007131397603
2025-02-18,199.35861178065167
2025-02-19,199.30481155546994
2025-02-20,199.32785357499623
2025-02-21,198.03532992062387
2025-02-24,197.6104907183924
2025-02-25,198.02420813595575
2025-02-26,198.41978696004216
2025-02-27,196.34579300898216
2025-02-28,197.81218761371545
2025-03-03,196.75308870914148
2025-03-04,195.6872823742954
2025-03-05,197.26608881423545
2025-03-06,195.33662328549698
2025-03-07,196.00040989900384
2025-03-10,193.40243965676615
2025-03-11,192.46815001446822
2025-03-12,193.0100964520442
2025-03-13,191.92548358613232
2025-03-14,194.08717912378896
2025-03-17,195.31618982786978
2025-03-18,194.4862067593
2025-03-19,195.7850161515323
2025-03-20,195.3032913167403
2025-03-21,194.98431982967628
2025-03-24,196.17771781230397
2025-03-25,196.51685296048754
2025-03-26,194.98203170221157
2025-03-27,194.71269648730296
2025-03-28,193.03573709698537
2025-03-31,193.50116194502928
2025-04-01,194.1311229180476
2025-04-02,194.69319488851664
2025-04-03,190.38850942847247
2025-04-04,183.4987368103047
2025-04-07,181.30479451862703
2025-04-08,179.36906042125148
2025-04-09,189.35041762731575
2025-04-10,185.1214536517665
2025-04-11,187.58314876247346
2025-04-14,189.09855086720833
2025-04-15,189.3507932617536
2025-04-16,187.72703552760348
2025-04-17,188.07741900821392
2025-04-21,185.6954365815208
2025-04-22,188.38623118336037
2025-04-23,190.01624927858154
2025-04-24,192.58897160079133
2025-04-25,193.47051113813657
2025-04-28,193.95459237737572
2025-04-29,194.78989075207932
2025-04-30,194.71548212688057
2025-05-01,194.8119612028017
2025-05-02,196.61855554741877
2025-05-05,196.30805976140527
2025-05-06,195.7544261122268
2025-05-07,195.90765485915622
2025-05-08,195.83294393554075
2025-05-09,196.0426816502227
2025-05-12,198.81299993509046
2025-05-13,199.38310908857017
2025-05-14,199.08046702095427
2025-05-15,200.2393885582258
2025-05-16,200.8576037233669
2025-05-19,201.1770467638574
2025-05-20,200.8549255288263
2025-05-21,198.79079813768092
2025-05-22,198.99396698681747
2025-05-23,198.82188252376375
2025-05-27,201.2614626538809
2025-05-28,200.26167029761856
2025-05-29,201.07104177227876
2025-05-30,201.0405041839888
2025-06-02,201.71450150204464
2025-06-03,201.9721366847363
2025-06-04,202.81944815343022
2025-06-05,202.33711452907863
2025-06-06,202.81526259830912
2025-06-09,203.18144988919087
2025-06-10,203.94154252784034
2025-06-11,203.98006513266793
2025-06-12,204.9046418233794
2025-06-13,203.08849765075533
2025-06-16,203.97322905038666
2025-06-17,203.07750616856217
2025-06-18,203.19159614994658
2025-06-20,202.64090697862318
2025-06-23,204.0530084478735
2025-06-24,205.94208449819925
2025-06-25,205.86943550990347
2025-06-26,207.21887093625477
2025-06-27,207.5041046099975
2025-06-30,208.3754520826668
2025-07-01,208.2977768447622
2025-07-02,208.68959217509587
2025-07-03,209.1741695143436
2025-07-07,207.6400635907858
2025-07-08,207.78869039490456
2025-07-09,208.82714888881077
2025-07-10,209.16402468908635
2025-07-11,208.13960553419344
2025-07-14,208.34673229294359
2025-07-15,207.5154039107799
2025-07-16,208.149749309982
2025-07-17,208.7815888433378
2025-07-18,208.81272513041029
2025-07-21,209.48006670343935
2025-07-22,209.83145587659942
2025-07-23,211.22645367087148
2025-07-24,210.81600091994326
2025-07-25,211.2081008767232
2025-07-28,210.4363361737129
2025-07-29,210.75669268489582
2025-07-30,210.08590307436796
2025-07-31,209.46202597652746
2025-08-01,208.6215223211599
2025-08-04,210.5578178222051
2025-08-05,210.2788821454555
2025-08-06,211.08234069342387
2025-08-07,211.26823852135934
2025-08-08,211.83816149266025
2025-08-11,211.60654146686682
2025-08-12,212.9984482724281
2025-08-13,213.94748415848642
2025-08-14,213.44784376374034
2025-08-15,213.2628944368608
2025-08-18,213.21324679831721
2025-08-19,212.74647340133234
2025-08-20,212.62196956797237
2025-08-21,211.85977290147187
2025-08-22,214.33237681288705
2025-08-25,213.29977021492246
2025-08-26,213.728155509782
2025-08-27,213.8694598056022
2025-08-28,214.54348988082052
2025-08-29,213.62620934514123
2025-09-02,212.4395601682819
2025-09-03,213.389159162674
2025-09-04,214.65874068411816
2025-09-05,215.18062354376178
2025-09-08,216.13964425530233
2025-09-09,216.1519256682418
2025-09-10,216.73045039714265
2025-09-11,218.19696179521645
2025-09-12,217.8445927493366
2025-09-15,218.7608813946504
2025-09-16,218.73025475660074
2025-09-17,218.4409276594913
2025-09-18,218.68175203723285
2025-09-19,218.8786523066567
2025-09-22,219.354575967788
2025-09-23,218.9781443217709
2025-09-24,218.2234853116095
2025-09-25,217.44496715859637
2025-09-26,218.02238319201987
2025-09-29,218.7936033313014
2025-09-30,219.20321645386548
2025-10-01,220.16923365178818
2025-10-02,220.4876628664407
2025-10-03,220.7262852150882
2025-10-06,220.97086906753017
2025-10-07,220.4112778349177
2025-10-08,221.08364139559555
2025-10-09,220.33735215792893
2025-10-10,217.22016030222716
2025-10-13,219.42894113141412
2025-10-14,219.51481034780807
2025-10-15,220.36839697051363
2025-10-16,220.35544654980396
2025-10-17,220.82364407618957
2025-10-20,222.36271951601242
2025-10-21,222.0004423007585
2025-10-22,221.61813502892323
2025-10-23,222.1745139231074
2025-10-24,223.166054216119
2025-10-27,224.68960891166822
2025-10-28,224.95484131655707
2025-10-29,224.35528416673753
2025-10-30,222.91542061579125
2025-10-31,223.01560889623974
2025-11-03,223.21733963049974
2025-11-04,221.60793786659852
2025-11-05,221.91160271209674
2025-11-06,221.05434330752755
2025-11-07,221.17062418525484
2025-11-10,223.18004694790238
2025-11-11,223.76905439880463
2025-11-12,224.03960027369277
2025-11-13,221.67229479365352
2025-11-14,221.55680632605805
2025-11-17,220.13777183684684
2025-11-18,219.07641992064947
2025-11-19,219.19999754047942
2025-11-20,217.39123900862205
2025-11-21,219.00032895532365
2025-11-24,220.6599904209314
2025-11-25,222.05006803130374
2025-11-26,223.30157234657906
2025-11-28,223.8069790340283
2025-12-01,222.7398526023119
2025-12-02,223.1167365688725
2025-12-03,223.75491676459126
2025-12-04,223.76972120011183
2025-12-05,224.02905201855768
2025-12-08,223.41902307820277
2025-12-09,223.2249771450587
2025-12-10,224.5599011402199
2025-12-11,224.81664523138323
2025-12-12,223.18168716207694
2025-12-15,223.27598369084498
2025-12-16,222.94526566557658
2025-12-17,221.60524537469024
2025-12-18,222.88193208575305
2025-12-19,223.89212979157585
2025-12-22,224.58076399525626
2025-12-23,225.26354150045486
2025-12-24,225.91759102694357
2025-12-26,226.08439235067922
2025-12-29,225.84226948924874
2025-12-30,225.7312461755282
2025-12-31,224.58863482165654
2026-01-02,225.4585877745654
2026-01-05,226.7619649993679
2026-01-06,227.3820864605002
2026-01-07,226.89795479355436
2026-01-08,226.70028963890255
2026-01-09,227.8292943879388
2026-01-12,228.34472636506078
2026-01-13,227.96305859328496
2026-01-14,227.94286437477894
2026-01-15,228.16098117212175
2026-01-16,227.81754442088626
2026-01-20,224.9675884628891
2026-01-21,226.86422413258117
2026-01-22,227.61095487719362
2026-01-23,228.07276521482376
2026-01-26,228.8025999670374
2026-01-27,229.85836588578076
2026-01-28,229.6209125026234
2026-01-29,229.60754757136237
2026-01-30,228.495316869306
2026-02-02,229.10472230882516
2026-02-03,228.5105377595409
2026-02-04,228.03558704864537
2026-02-05,226.80445529560075
2026-02-06,229.70906751659757
2026-02-09,230.77749661740418
2026-02-10,231.00089700782925
2026-02-11,231.3093740557324
2026-02-12,229.90219894139796
2026-02-13,230.47131211738596
2026-02-17,230.52898960691556
2026-02-18,231.04293307881812
2026-02-19,230.79223132010665
2026-02-20,232.01819476074039
2026-02-23,230.95773122173566
2026-02-24,231.91476176116137
2026-02-25,233.21484197786756
2026-02-26,232.73895899373397
2026-02-27,232.42951293474903
2026-03-02,231.18724969315716
2026-03-03,228.54682531340754
2026-03-04,229.6379078053614
2026-03-05,227.72822829730237
2026-03-06,226.0566253703148
2026-03-09,227.77374024866805
2026-03-10,227.24085777347514
2026-03-11,226.65995265796042
2026-03-12,224.03041865804497
2026-03-13,222.95479412930086
2026-03-16,225.27268633187168
2026-03-17,225.91397051645805
2026-03-18,223.38476973727992
2026-03-19,223.3549287044449
2026-03-20,219.6789701379335
2026-03-23,222.2544342184286
2026-03-24,221.23753414176883
2026-03-25,222.78526198898842
2026-03-26,219.4568767263838
2026-03-27,217.56484602365913
2026-03-30,217.68319634934542
2026-03-31,221.85687257323238
2026-04-01,223.1325742499711
2026-04-02,223.14724950670438
2026-04-06,223.71780527097445
2026-04-07,223.9657177212237
2026-04-08,228.4807530783931
2026-04-09,228.83756375884784
2026-04-10,228.71305179866485
2026-04-13,230.21974124167758
2026-04-14,232.13877144719473
2026-04-15,232.63764008341042
2026-04-16,232.6556820856026
2026-04-17,234.9772824858404
2026-04-20,234.55868610785797
2026-04-21,232.6747578190174
2026-04-22,234.17542073271736
2026-04-23,233.12285604499704
2026-04-24,234.46111149879292
2026-04-27,234.2854440814168
2026-04-28,233.53592231186485
2026-04-29,232.73083860478275
2026-04-30,235.02562310958527
2026-05-01,235.28536010253143
2026-05-04,234.19738303949262
2026-05-05,235.8340623847035
2026-05-06,238.9000030706635
2026-05-07,237.49402075418243
2026-05-08,239.1865061223028
2026-05-11,239.13494346133064
2026-05-12,238.03815963334503
2026-05-13,239.06894641293064
2026-05-14,239.66846546662995
2026-05-15,236.7592817866454
2026-05-18,236.91432389243158
2026-05-19,235.5937046942848
2026-05-20,237.9232140272132
2026-05-21,238.59432826547862
2026-05-22,239.00051922275227
2026-05-26,240.96560482134348
2026-05-27,240.8779965897538
2026-05-28,241.68943275740324
2026-05-29,242.10520814706643
2026-06-01,242.53808802946483
2026-06-02,243.09817132654783
2026-06-03,241.63756804587285
2026-06-04,242.3539541318436
2026-06-05,237.5500829920499
2026-06-08,238.150798300039
2026-06-09,238.16799480935953
2026-06-10,236.6656456076286
