Date,0
2016-10-03,100.0
2016-10-04,100.0
2016-10-05,100.0
2016-10-06,100.0
2016-10-07,100.0
2016-10-10,100.0
2016-10-11,100.0
2016-10-12,100.0
2016-10-13,100.0
2016-10-14,100.0
2016-10-17,100.0
2016-10-18,100.0
2016-10-19,100.0
2016-10-20,100.0
2016-10-21,100.0
2016-10-24,100.0
2016-10-25,100.0
2016-10-26,100.0
2016-10-27,100.0
2016-10-28,100.0
2016-10-31,100.0
2016-11-01,100.0
2016-11-02,100.0
2016-11-03,100.0
2016-11-04,100.0
2016-11-07,100.0
2016-11-08,100.0
2016-11-09,100.0
2016-11-10,100.0
2016-11-11,100.0
2016-11-14,100.0
2016-11-15,100.0
2016-11-16,100.0
2016-11-17,100.0
2016-11-18,100.0
2016-11-21,100.0
2016-11-22,100.0
2016-11-23,100.0
2016-11-25,100.0
2016-11-28,100.0
2016-11-29,100.0
2016-11-30,100.0
2016-12-01,100.0
2016-12-02,100.0
2016-12-05,100.0
2016-12-06,100.0
2016-12-07,100.0
2016-12-08,100.0
2016-12-09,100.0
2016-12-12,100.0
2016-12-13,100.0
2016-12-14,100.0
2016-12-15,100.0
2016-12-16,100.0
2016-12-19,100.0
2016-12-20,100.0
2016-12-21,100.0
2016-12-22,100.0
2016-12-23,100.0
2016-12-27,100.0
2016-12-28,100.0
2016-12-29,100.0
2016-12-30,100.0
2017-01-03,100.0
2017-01-04,100.0
2017-01-05,100.0
2017-01-06,100.0
2017-01-09,100.0
2017-01-10,100.0
2017-01-11,100.0
2017-01-12,100.0
2017-01-13,100.0
2017-01-17,100.0
2017-01-18,100.0
2017-01-19,100.0
2017-01-20,100.0
2017-01-23,100.0
2017-01-24,100.0
2017-01-25,100.0
2017-01-26,100.0
2017-01-27,100.0
2017-01-30,100.0
2017-01-31,100.0
2017-02-01,100.0
2017-02-02,100.0
2017-02-03,100.0
2017-02-06,100.0
2017-02-07,100.0
2017-02-08,100.0
2017-02-09,100.0
2017-02-10,100.0
2017-02-13,100.0
2017-02-14,100.0
2017-02-15,100.0
2017-02-16,100.0
2017-02-17,100.0
2017-02-21,100.0
2017-02-22,100.0
2017-02-23,100.0
2017-02-24,100.0
2017-02-27,100.0
2017-02-28,100.0
2017-03-01,100.0
2017-03-02,100.0
2017-03-03,100.0
2017-03-06,100.0
2017-03-07,100.0
2017-03-08,100.0
2017-03-09,100.0
2017-03-10,100.0
2017-03-13,100.0
2017-03-14,100.0
2017-03-15,100.0
2017-03-16,100.0
2017-03-17,100.0
2017-03-20,100.0
2017-03-21,100.0
2017-03-22,100.0
2017-03-23,100.0
2017-03-24,100.0
2017-03-27,100.0
2017-03-28,100.0
2017-03-29,100.0
2017-03-30,100.0
2017-03-31,100.0
2017-04-03,100.0
2017-04-04,100.0
2017-04-05,100.0
2017-04-06,100.0
2017-04-07,100.0
2017-04-10,100.0
2017-04-11,100.0
2017-04-12,100.0
2017-04-13,100.0
2017-04-17,100.0
2017-04-18,100.0
2017-04-19,100.0
2017-04-20,100.0
2017-04-21,100.0
2017-04-24,100.0
2017-04-25,100.0
2017-04-26,100.0
2017-04-27,100.0
2017-04-28,100.0
2017-05-01,100.30160896370239
2017-05-02,100.56290936460643
2017-05-03,100.40179357307827
2017-05-04,100.9369217197871
2017-05-05,101.61557885684901
2017-05-08,101.1068996895577
2017-05-09,100.99144782178652
2017-05-10,101.07652150076079
2017-05-11,100.93542827654203
2017-05-12,101.18238383222777
2017-05-15,101.63641107549807
2017-05-16,101.96320148108042
2017-05-17,100.54599757632617
2017-05-18,100.71266077978241
2017-05-19,101.46556379552793
2017-05-22,101.82473368659701
2017-05-23,101.81577835429019
2017-05-24,102.00881660181545
2017-05-25,102.29003538667479
2017-05-26,102.2024100304935
2017-05-30,102.17457351737873
2017-05-31,102.24918886775419
2017-06-01,102.90817864410845
2017-06-02,103.57408770035568
2017-06-05,103.18034595580978
2017-06-06,102.8597235080294
2017-06-07,102.89546491561696
2017-06-08,102.77272235092695
2017-06-09,102.64551555784227
2017-06-12,102.2880325109988
2017-06-13,102.93302552596631
2017-06-14,102.9612140624908
2017-06-15,102.27509955952078
2017-06-16,102.66441952915886
2017-06-19,103.38758677328703
2017-06-20,102.61212716572189
2017-06-21,102.6392090180074
2017-06-22,102.68550569093081
2017-06-23,102.93233470876731
2017-06-26,103.14829414462056
2017-06-27,102.73561737881722
2017-06-28,103.47013201110676
2017-06-29,102.35173737773235
2017-06-30,102.47587270539888
2017-07-03,102.54849547478764
2017-07-05,102.62548325759835
2017-07-06,101.8592003521536
2017-07-07,102.30751142592027
2017-07-10,102.54122909026819
2017-07-11,102.68772259445814
2017-07-12,103.52308832245288
2017-07-13,103.72240466750424
2017-07-14,104.36195056006225
2017-07-17,104.25998226703886
2017-07-18,104.42198799433277
2017-07-19,104.92615619766535
2017-07-20,105.13210253675413
2017-07-21,104.95925103304985
2017-07-24,104.92545350787002
2017-07-25,105.00662190413638
2017-07-26,105.32675498794299
2017-07-27,105.04088042970429
2017-07-28,104.82131165269067
2017-07-31,104.84816388697904
2017-08-01,105.21853933222886
2017-08-02,105.30317349139946
2017-08-03,105.13007786338493
2017-08-04,105.34031441785453
2017-08-07,105.54097210002546
2017-08-08,105.14238782229317
2017-08-09,104.8223391617408
2017-08-10,103.3947939705897
2017-08-11,103.45370911648016
2017-08-14,104.3558856673704
2017-08-15,104.36192299717143
2017-08-16,104.72197334089013
2017-08-17,103.48439106256268
2017-08-18,103.4990613736677
2017-08-21,103.51324351268451
2017-08-22,104.32489037465211
2017-08-23,104.21616034594138
2017-08-24,104.06931545613897
2017-08-25,104.43921347762486
2017-08-28,104.42025328654762
2017-08-29,104.28012487105457
2017-08-30,104.50019948384156
2017-08-31,105.02916080842307
2017-09-01,105.24646523287402
2017-09-05,104.6619776305502
2017-09-06,105.02016257706465
2017-09-07,105.28812526935437
2017-09-08,105.15944005011492
2017-09-11,105.95837729015405
2017-09-12,106.16570443186488
2017-09-13,105.92428441312079
2017-09-14,105.99833677189916
2017-09-15,106.19724347020684
2017-09-18,106.34749818007616
2017-09-19,106.40595603602357
2017-09-20,106.1530343382934
2017-09-21,106.11198247435182
2017-09-22,105.97734700212062
2017-09-25,105.4909140686793
2017-09-26,105.44878679645956
2017-09-27,105.57744049055539
2017-09-28,105.72964177817639
2017-09-29,106.26737432059849
2017-10-02,106.39543985113731
2017-10-03,106.68565473960021
2017-10-04,106.73614276692133
2017-10-05,107.00555412749874
2017-10-06,106.89907494116217
2017-10-09,106.816206818954
2017-10-10,107.2787502659932
2017-10-11,107.49849522297696
2017-10-12,107.39101368649132
2017-10-13,107.53879835756821
2017-10-16,107.55532251080722
2017-10-17,107.54627911945539
2017-10-18,107.73304330599053
2017-10-19,107.67164724134604
2017-10-20,107.78106017607422
2017-10-23,107.50668191710325
2017-10-24,107.63019150419701
2017-10-25,107.34288507566693
2017-10-26,107.40883580360052
2017-10-27,107.93576297247962
2017-10-30,107.86948811138977
2017-10-31,108.11124601012594
2017-11-01,108.37914170952584
2017-11-02,108.52678921797674
2017-11-03,108.6214708855991
2017-11-06,108.68876780919771
2017-11-07,108.4881432133296
2017-11-08,108.74309946568592
2017-11-09,108.13332630927805
2017-11-10,107.89369560328372
2017-11-13,107.79056160758867
2017-11-14,107.76924705475757
2017-11-15,107.32357310269494
2017-11-16,108.22534515790049
2017-11-17,107.87850732446358
2017-11-20,108.02321386949234
2017-11-21,108.73622001363634
2017-11-22,108.76823627672292
2017-11-24,109.36752087834824
2017-11-27,109.02856848021506
2017-11-28,109.78644215879457
2017-11-29,109.50729192665342
2017-11-30,110.02671833764286
2017-12-01,109.77576485363258
2017-12-04,109.65812825335317
2017-12-05,109.46654998902476
2017-12-06,109.44335441636723
2017-12-07,109.71661292734134
2017-12-08,110.13631692920546
2017-12-11,110.4062592552539
2017-12-12,110.48183690489104
2017-12-13,110.61322749921105
2017-12-14,110.18156794828182
2017-12-15,110.73154297515839
2017-12-18,111.44303096299627
2017-12-19,110.99354365118054
2017-12-20,110.8160888017142
2017-12-21,110.97640133289002
2017-12-22,111.05383191476886
2017-12-26,111.03284816753127
2017-12-27,111.1719739316115
2017-12-28,111.29059235324611
2017-12-29,111.09085709226692
2018-01-02,111.59864684198442
2018-01-03,112.22279284602739
2018-01-04,112.88529448005575
2018-01-05,113.44436474168299
2018-01-08,113.56358390205875
2018-01-09,113.6563081183197
2018-01-10,113.53607837745533
2018-01-11,114.22767174709521
2018-01-12,114.97662162923673
2018-01-16,114.84330804425278
2018-01-17,115.62367816393753
2018-01-18,115.37728324127163
2018-01-19,115.80707143290346
2018-01-22,116.39806703827348
2018-01-23,116.68766137454851
2018-01-24,116.64401683683997
2018-01-25,116.71136458175263
2018-01-26,117.70639654917741
2018-01-29,116.93975515039557
2018-01-30,115.87208473469666
2018-01-31,116.07738707793035
2018-02-01,115.97108769381026
2018-02-02,113.75370509918488
2018-02-05,109.88640626853056
2018-02-06,111.73834797755663
2018-02-07,110.59778692745996
2018-02-08,107.44861872149475
2018-02-09,108.36339139274445
2018-02-12,109.65820236582967
2018-02-13,109.63066613084689
2018-02-14,110.9985941431314
2018-02-15,112.16373753314572
2018-02-16,112.42385231506243
2018-02-20,111.70067004968712
2018-02-21,111.20018067556512
2018-02-22,111.41889309826252
2018-02-23,112.80367165680453
2018-02-26,113.8442412875195
2018-02-27,112.33995298706493
2018-02-28,111.40016642903068
2018-03-01,110.18380664297668
2018-03-02,110.58911279704077
2018-03-05,111.43626111023373
2018-03-06,111.83513257761021
2018-03-07,111.83676746533058
2018-03-08,112.18693107222717
2018-03-09,113.38318722611426
2018-03-12,113.41167156241113
2018-03-13,112.7801961524157
2018-03-14,112.59538249115046
2018-03-15,112.58201456961359
2018-03-16,112.57961608921993
2018-03-19,111.49469945112696
2018-03-20,111.67297608010864
2018-03-21,111.58272450337286
2018-03-22,109.4800945091064
2018-03-23,107.73713339901649
2018-03-26,109.93644708476427
2018-03-27,108.70488376957734
2018-03-28,108.82140786013315
2018-03-29,109.9911273147747
2018-04-02,107.86683187209218
2018-04-03,109.1110182131853
2018-04-04,109.7883411276072
2018-04-05,110.44242939109836
2018-04-06,108.66645891015025
2018-04-09,109.3214697548439
2018-04-10,110.71401383500915
2018-04-11,110.23644803839821
2018-04-12,110.78979246640674
2018-04-13,110.57838776240602
2018-04-16,111.23478255123644
2018-04-17,111.92576233206243
2018-04-18,112.18485839017626
2018-04-19,111.5124312571534
2018-04-20,110.63328204125278
2018-04-23,110.46448991132904
2018-04-24,109.36685505164401
2018-04-25,109.45950852527997
2018-04-26,110.40426443178333
2018-04-27,110.65722753614993
2018-04-30,110.06946923992939
2018-05-01,109.9853609906581
2018-05-02,109.41372236528196
2018-05-03,109.3726122931757
2018-05-04,110.22574103326446
2018-05-07,110.26126380608348
2018-05-08,110.21966734905253
2018-05-09,110.69525841709772
2018-05-10,111.74768060942336
2018-05-11,111.93586857945321
2018-05-14,112.049943961286
2018-05-15,111.0596148971418
2018-05-16,111.44807501866639
2018-05-17,111.36876911252605
2018-05-18,111.14887406120323
2018-05-21,111.88852730155719
2018-05-22,111.76834300601647
2018-05-23,111.65981396579865
2018-05-24,111.32258319608019
2018-05-25,111.10648436916051
2018-05-29,109.44231027051369
2018-05-30,110.69063031556863
2018-05-31,110.07583159266507
2018-06-01,111.07568693198066
2018-06-04,111.54830467587591
2018-06-05,111.60436137761717
2018-06-06,112.53059262511294
2018-06-07,112.24096757097946
2018-06-08,112.45810533216282
2018-06-11,112.801599222585
2018-06-12,112.53243671548121
2018-06-13,112.27687423471224
2018-06-14,112.28920279649138
2018-06-15,111.91596630912679
2018-06-18,111.38565467555277
2018-06-19,110.62059197133122
2018-06-20,110.67330800283422
2018-06-21,109.8910399152933
2018-06-22,110.54469643928763
2018-06-25,109.11952887708934
2018-06-26,109.23539810835042
2018-06-27,108.28755582958526
2018-06-28,108.7549606520456
2018-06-29,109.16291886268502
2018-07-02,109.00696501859483
2018-07-03,108.85171374413903
2018-07-05,109.64463135885887
2018-07-06,110.25071071546436
2018-07-09,111.02642280809705
2018-07-10,111.30888342969018
2018-07-11,110.35402531753388
2018-07-12,111.06517917991889
2018-07-13,111.32001902643547
2018-07-16,111.34268410440698
2018-07-17,111.63215176070952
2018-07-18,111.88160639357905
2018-07-19,111.58554293711902
2018-07-20,111.68829257107618
2018-07-23,111.74324543034696
2018-07-24,112.11184356343122
2018-07-25,112.93823358537875
2018-07-26,112.5253269059422
2018-07-27,112.29784045211787
2018-07-30,111.91984421615287
2018-07-31,112.1958810032953
2018-08-01,112.04668045142519
2018-08-02,112.16101340454264
2018-08-03,112.55041441763245
2018-08-06,112.62845768425221
2018-08-07,112.9383827547318
2018-08-08,112.97389762962588
2018-08-09,112.80857849287003
2018-08-10,111.6917899870696
2018-08-13,111.2918997010558
2018-08-14,111.74145668275584
2018-08-15,110.72407251284166
2018-08-16,111.46123394710597
2018-08-17,111.88261452745992
2018-08-20,112.25862822549396
2018-08-21,112.63464854577896
2018-08-22,112.80515190954063
2018-08-23,112.43534583168608
2018-08-24,113.1249633469493
2018-08-27,113.963376579291
2018-08-28,113.94356549328795
2018-08-29,114.31452539576226
2018-08-30,113.7545645048039
2018-08-31,113.56292272908482
2018-09-04,113.19094891923315
2018-09-05,112.81809473779487
2018-09-06,112.55031177919986
2018-09-07,112.14986153890446
2018-09-10,112.49520586999826
2018-09-11,112.65847058471556
2018-09-12,112.7465301255842
2018-09-13,113.31074516048825
2018-09-14,113.21600140491896
2018-09-17,112.94013380386957
2018-09-18,113.32168781061947
2018-09-19,113.40121330010918
2018-09-20,114.32581955030231
2018-09-21,114.23323736430729
2018-09-24,113.95659446715865
2018-09-25,113.92731203134193
2018-09-26,113.77381661778998
2018-09-27,113.85276304841669
2018-09-28,113.61262812008151
2018-10-01,113.91506540257095
2018-10-02,113.76286401634759
2018-10-03,113.68049211809512
2018-10-04,112.82624331267407
2018-10-05,112.2816035102277
2018-10-08,112.17113936761658
2018-10-09,112.06132516380626
2018-10-10,109.5673887641973
2018-10-11,108.14532002700234
2018-10-12,109.0028621672323
2018-10-15,108.62930268420642
2018-10-16,110.31629068472633
2018-10-17,110.15518472909949
2018-10-18,108.91521843722727
2018-10-19,108.95325020735066
2018-10-22,108.54975457357237
2018-10-23,108.04223542824374
2018-10-24,105.64261748764329
2018-10-25,107.01385832208267
2018-10-26,105.82250046253293
2018-10-29,105.39117642337658
2018-10-30,106.49361881971599
2018-10-31,107.2602301525699
2018-11-01,108.07895572705527
2018-11-02,107.73637629069898
2018-11-05,108.07782966619963
2018-11-06,108.4239695118027
2018-11-07,109.88328587741343
2018-11-08,109.54097267142399
2018-11-09,108.95174429999683
2018-11-12,107.52300667529568
2018-11-13,107.53879526698508
2018-11-14,107.1843937422509
2018-11-15,107.76792111203306
2018-11-16,107.91654500463258
2018-11-19,106.83570594000581
2018-11-20,105.50943017319055
2018-11-21,105.9083338510316
2018-11-23,105.41240944436193
2018-11-26,106.48307314514766
2018-11-27,106.59482577841196
2018-11-28,108.16561950284138
2018-11-29,108.03876594524321
2018-11-30,108.31601389093974
2018-12-03,109.11763111324001
2018-12-04,106.86498661904885
2018-12-06,106.37700205533625
2018-12-07,104.79389423249069
2018-12-10,104.32652872144996
2018-12-11,104.66514804233941
2018-12-12,105.60608876298392
2018-12-13,105.58811125245508
2018-12-14,104.28966756520809
2018-12-17,103.05985976890517
2018-12-18,103.38699603146067
2018-12-19,102.21077352942248
2018-12-20,101.34042699946185
2018-12-21,99.82656476247845
2018-12-24,98.08901253019452
2018-12-26,101.28066241659138
2018-12-27,101.80070868756128
2018-12-28,101.89020179646664
2018-12-31,102.48183049586355
2019-01-02,102.37712954185798
2019-01-03,100.83434206535398
2019-01-04,103.11059715411803
2019-01-07,103.36937051212938
2019-01-08,104.03246050367777
2019-01-09,104.46211259060247
2019-01-10,104.61444397482535
2019-01-11,104.44156254341856
2019-01-14,104.0199728321773
2019-01-15,104.66465324901775
2019-01-16,104.91787341468533
2019-01-17,105.36331300470856
2019-01-18,106.13350129805133
2019-01-22,105.28203860610991
2019-01-23,105.39273767036968
2019-01-24,105.61556216631472
2019-01-25,106.19006163245128
2019-01-28,105.58676105426888
2019-01-29,105.54327511488829
2019-01-30,106.73986897303782
2019-01-31,107.38734981451626
2019-02-01,107.35602669216763
2019-02-04,107.81178595263727
2019-02-05,108.28041779911348
2019-02-06,108.14364112958181
2019-02-07,107.49613689639891
2019-02-08,107.42144375830834
2019-02-11,107.38796461414235
2019-02-12,108.3773691831376
2019-02-13,108.35986207014024
2019-02-14,108.3630797084129
2019-02-15,109.12935452566647
2019-02-19,109.27228630898595
2019-02-20,109.52122654995485
2019-02-21,109.32377295478199
2019-02-22,109.78128320324771
2019-02-25,110.03030072475539
2019-02-26,110.05734900094673
2019-02-27,109.84876696220279
2019-02-28,109.83880149628492
2019-03-01,110.37734469569222
2019-03-04,110.09734131894955
2019-03-05,110.00175057605529
2019-03-06,109.51710911532075
2019-03-07,108.76664037074616
2019-03-08,108.66547823052447
2019-03-11,109.66483254503521
2019-03-12,110.00481141066892
2019-03-13,110.59616045307942
2019-03-14,110.68951765940436
2019-03-15,111.33537331158165
2019-03-18,111.58024190538
2019-03-19,111.64245048674931
2019-03-20,111.5971868769739
2019-03-21,112.1814432024463
2019-03-22,110.52096191715665
2019-03-25,110.50878850734958
2019-03-26,110.99276522449695
2019-03-27,110.80574838918712
2019-03-28,110.96831104160674
2019-03-29,111.55367640505429
2019-04-01,112.35491870116245
2019-04-02,112.45014140196963
2019-04-03,112.7155145126618
2019-04-04,112.77536939585417
2019-04-05,113.14093830847229
2019-04-08,113.06266177691236
2019-04-09,112.72064906474905
2019-04-10,113.03664204667939
2019-04-11,113.05449206524906
2019-04-12,113.53549301961104
2019-04-15,113.53911334116275
2019-04-16,113.62126102691158
2019-04-17,113.61109953787607
2019-04-18,113.68575630785614
2019-04-22,113.55271674169758
2019-04-23,114.02977022260062
2019-04-24,113.89045977159692
2019-04-25,113.7638531170227
2019-04-26,114.29568383305356
2019-04-29,114.43467546909082
2019-04-30,114.54393050876
2019-05-01,113.95478369553513
2019-05-02,113.68296211333494
2019-05-03,114.51355571288319
2019-05-06,113.97684726466262
2019-05-07,112.4405676106768
2019-05-08,112.42190017253753
2019-05-09,112.0681926708775
2019-05-10,112.50771649385077
2019-05-13,110.4100599850046
2019-05-14,111.3269669871518
2019-05-15,111.75558993461445
2019-05-16,112.5179864709203
2019-05-17,112.06914134899462
2019-05-20,111.71021698412125
2019-05-21,112.30940480423455
2019-05-22,112.07671005734926
2019-05-23,111.11981307460697
2019-05-24,111.60355415879319
2019-05-28,110.92772969971692
2019-05-29,110.30126017677091
2019-05-30,110.66350569468288
2019-05-31,109.91198083330865
2019-06-03,110.09941634909512
2019-06-04,111.25465384953453
2019-06-05,111.68038810017889
2019-06-06,112.03345660362737
2019-06-07,112.90550456619975
2019-06-10,113.11053359820203
2019-06-11,113.15771614068818
2019-06-12,112.98425419353035
2019-06-13,113.29608616662091
2019-06-14,113.08138770820513
2019-06-17,113.08328422720359
2019-06-18,114.00880854164474
2019-06-19,114.40458859984925
2019-06-20,115.28355529015029
2019-06-21,114.9178868501553
2019-06-24,115.0307695333333
2019-06-25,114.37432014466083
2019-06-26,114.35994402433838
2019-06-27,114.78682184661673
2019-06-28,115.10816814825816
2019-07-01,115.71418932052889
2019-07-02,116.03745165324368
2019-07-03,116.69630642360019
2019-07-05,116.1247072080271
2019-07-08,115.69627320812836
2019-07-09,115.71261688896816
2019-07-10,116.06275383707245
2019-07-11,115.89425088908379
2019-07-12,116.21861010959395
2019-07-15,116.33726468844371
2019-07-16,116.0547275882284
2019-07-17,115.93243909556263
2019-07-18,116.34291801603625
2019-07-19,115.80755511710528
2019-07-22,116.06561615175893
2019-07-23,116.50857822168817
2019-07-24,116.83584149016532
2019-07-25,116.24812610112058
2019-07-26,116.82655412896933
2019-07-29,116.81932490222667
2019-07-30,116.46944766519941
2019-07-31,115.87468014982525
2019-08-01,115.75123454800806
2019-08-02,115.39196798339194
2019-08-05,113.56999674821508
2019-08-06,114.5255357635973
2019-08-07,114.63451334777899
2019-08-08,115.99053171936534
2019-08-09,115.51325612219786
2019-08-12,115.02548586224675
2019-08-13,115.86991754693292
2019-08-14,114.20365549533544
2019-08-15,114.54538520317604
2019-08-16,115.49020196059223
2019-08-19,116.05067928902027
2019-08-20,115.8027626254983
2019-08-21,116.32079639343755
2019-08-22,116.13139148115543
2019-08-23,114.79615232415084
2019-08-26,115.43911894662327
2019-08-27,115.43617138173687
2019-08-28,115.84974398364481
2019-08-29,116.54784064099428
2019-08-30,116.60106493880377
2019-09-03,116.30303445082285
2019-09-04,116.98635338114876
2019-09-05,117.08781479559653
2019-09-06,117.39482177704159
2019-09-09,116.88180618853582
2019-09-10,116.27824267716703
2019-09-11,116.60290763476236
2019-09-12,116.5940038773029
2019-09-13,115.8870483548593
2019-09-16,116.04638981271178
2019-09-17,116.40139110726462
2019-09-18,116.56540791605485
2019-09-19,116.6938688932112
2019-09-20,116.86571151291909
2019-09-23,116.92728461266702
2019-09-24,116.84006900993582
2019-09-25,116.62507436189595
2019-09-26,116.77036962278963
2019-09-27,116.57579152649798
2019-09-30,116.93354417588876
2019-10-01,116.2651516181426
2019-10-02,115.18423738203366
2019-10-03,115.93254094981563
2019-10-04,117.03420478511367
2019-10-07,116.4584033353806
2019-10-08,115.54295020186633
2019-10-09,116.0122510990812
2019-10-10,116.06009854694928
2019-10-11,116.42760736687758
2019-10-14,116.56697870693182
2019-10-15,116.89386988558147
2019-10-16,116.8813838622803
2019-10-17,117.0285967876308
2019-10-18,116.83384494113331
2019-10-21,117.118177824488
2019-10-22,117.05261933359813
2019-10-23,117.27148197390316
2019-10-24,117.4416752899901
2019-10-25,117.57138450967928
2019-10-28,117.69004907405858
2019-10-29,117.6231706553284
2019-10-30,118.19126494579211
2019-10-31,118.38874436765994
2019-11-01,118.82597072553479
2019-11-04,118.6540178860578
2019-11-05,118.16313167069247
2019-11-06,118.4656874554941
2019-11-07,118.07612912244588
2019-11-08,118.0512271650035
2019-11-11,118.0259367370375
2019-11-12,118.18072952476666
2019-11-13,118.38581737849077
2019-11-14,118.74597695445627
2019-11-15,119.08637583253832
2019-11-18,119.23649564760758
2019-11-19,119.38360782482664
2019-11-20,119.45233292728575
2019-11-21,119.18351103051464
2019-11-22,119.3695786615843
2019-11-25,119.93579574176309
2019-11-26,120.23674796739445
2019-11-27,120.39003122713184
2019-11-29,120.07279735675495
2019-12-02,119.37011339214844
2019-12-03,119.81031277015477
2019-12-04,119.88607682035997
2019-12-05,119.83522800431916
2019-12-06,120.12428809541399
2019-12-09,120.05748589282375
2019-12-10,119.98224600610492
2019-12-11,120.41736470165223
2019-12-12,120.35359756618593
2019-12-13,120.85898518861278
2019-12-16,120.94986212666738
2019-12-17,120.92295074997246
2019-12-18,120.7250782769565
2019-12-19,120.9898805965181
2019-12-20,121.22599154205477
2019-12-23,121.31446107488613
2019-12-24,121.38600413090994
2019-12-26,121.70701192238263
2019-12-27,121.89106072901225
2019-12-30,121.6104336669683
2019-12-31,121.42633808441234
2020-01-02,122.18849548594693
2020-01-03,122.23447294731967
2020-01-06,122.1760984843853
2020-01-07,121.86960578298877
2020-01-08,121.89142288815907
2020-01-09,122.29819586688394
2020-01-10,122.39220559879779
2020-01-13,122.5876793514576
2020-01-14,122.73486020538235
2020-01-15,123.04498255669527
2020-01-16,123.32107311547269
2020-01-17,123.47258770122453
2020-01-21,123.6605280424135
2020-01-22,123.7579688001573
2020-01-23,123.90204166731705
2020-01-24,123.82206049983786
2020-01-27,123.41822896099723
2020-01-28,123.71171061051922
2020-01-29,124.0553216302141
2020-01-30,124.15781726245704
2020-01-31,123.66960849569
2020-02-03,123.82979424374764
2020-02-04,123.97031913459601
2020-02-05,124.12909745831634
2020-02-06,124.29463851331077
2020-02-07,124.5531437770515
2020-02-10,124.98320193257095
2020-02-11,124.8864594400762
2020-02-12,124.93874090721575
2020-02-13,124.92178781972049
2020-02-14,125.21705908774453
2020-02-18,125.32931314963268
2020-02-19,125.51733372914501
2020-02-20,125.65891693110991
2020-02-21,125.66756305930919
2020-02-24,124.71460237771235
2020-02-25,123.79078350759077
2020-02-26,123.46894985055872
2020-02-27,121.93094158567497
2020-02-28,122.4886352545577
2020-03-02,123.72611083327027
2020-03-03,123.99957357186992
2020-03-04,125.28480744589939
2020-03-05,124.72724026510265
2020-03-06,125.3495631659899
2020-03-09,122.04863603877388
2020-03-10,121.81317343433882
2020-03-11,117.9084643517898
2020-03-12,113.03025662168707
2020-03-13,116.44792255589321
2020-03-16,113.22835133788112
2020-03-17,112.53139456207643
2020-03-18,107.60160854466326
2020-03-19,106.690275960648
2020-03-20,107.8445514490531
2020-03-23,110.04676947993006
2020-03-24,113.31601834624337
2020-03-25,115.44462621025785
2020-03-26,117.45596846450545
2020-03-27,117.05792522638883
2020-03-30,118.02281004348227
2020-03-31,117.62913121244205
2020-04-01,116.38405361706485
2020-04-02,117.30262168646487
2020-04-03,116.97436570651416
2020-04-06,118.97570077913049
2020-04-07,118.81397848991404
2020-04-08,119.77214928473686
2020-04-09,121.56559779421282
2020-04-13,120.9742546553908
2020-04-14,121.66786425425816
2020-04-15,121.81238434541727
2020-04-16,121.98806227543612
2020-04-17,122.4283918462246
2020-04-20,122.04178461410167
2020-04-21,121.47965601227179
2020-04-22,121.87595421842478
2020-04-23,122.04643037307677
2020-04-24,122.51966667290006
2020-04-27,122.30268469040871
2020-04-28,122.56558625834684
2020-04-29,123.21723770528875
2020-04-30,122.51039913841132
2020-05-01,121.90936175955804
2020-05-04,122.00005805413123
2020-05-05,122.10933533198246
2020-05-06,121.40928323736713
2020-05-07,122.1836899684683
2020-05-08,122.258261413002
2020-05-11,121.9019345105998
2020-05-12,121.79589181986312
2020-05-13,121.54545840219679
2020-05-14,122.17287330066704
2020-05-15,122.32050981198292
2020-05-18,122.72863614334977
2020-05-19,122.6031126138272
2020-05-20,123.31226399235584
2020-05-21,123.14730663881045
2020-05-22,123.33999271006088
2020-05-26,123.35661662552513
2020-05-27,123.80176506190128
2020-05-28,123.75120687649058
2020-05-29,124.14694899990799
2020-06-01,124.18499493026079
2020-06-02,124.34059672894212
2020-06-03,124.29606895556573
2020-06-04,123.83042366415985
2020-06-05,124.3662502007747
2020-06-08,124.82197937970149
2020-06-09,124.85514188142102
2020-06-10,125.27163811721836
2020-06-11,123.92532185589342
2020-06-12,124.14432738665468
2020-06-15,124.60797623807518
2020-06-16,124.77315380463449
2020-06-17,124.72552353370084
2020-06-18,125.01868090545145
2020-06-19,124.91894459226792
2020-06-22,125.1072746667445
2020-06-23,125.10549017823931
2020-06-24,124.59439229668945
2020-06-25,124.92440636401524
2020-06-26,124.5747333822726
2020-06-29,125.01462153774554
2020-06-30,125.25216605208784
2020-07-01,125.434337879824
2020-07-02,125.69752808671035
2020-07-06,126.04153562595765
2020-07-07,126.05101862322248
2020-07-08,126.11237403537163
2020-07-09,126.37582782742867
2020-07-10,126.47407799956127
2020-07-13,126.31364551947539
2020-07-14,126.7438280360763
2020-07-15,126.93711528036593
2020-07-16,126.99258145234371
2020-07-17,127.10933484846339
2020-07-20,127.41818364513142
2020-07-21,127.55429484691177
2020-07-22,127.79921808855055
2020-07-23,127.6704494634428
2020-07-24,127.46628771482246
2020-07-27,127.52492733380934
2020-07-28,127.53927458395715
2020-07-29,127.97028352613168
2020-07-30,128.00842285089962
2020-07-31,128.27755755076583
2020-08-03,128.41849660964496
2020-08-04,128.812823765974
2020-08-05,128.76357732411117
2020-08-06,129.12248779913838
2020-08-07,128.91735528367641
2020-08-10,128.8611827243775
2020-08-11,128.27282680944072
2020-08-12,128.39969046209455
2020-08-13,127.994779810074
2020-08-14,127.85858165114594
2020-08-17,128.08705517013988
2020-08-18,128.38498732014398
2020-08-19,128.0845818020624
2020-08-20,128.39731235803472
2020-08-21,128.65867052337668
2020-08-24,128.86352558670694
2020-08-25,128.7189632619297
2020-08-26,128.948310423816
2020-08-27,128.51599716047787
2020-08-28,128.81603691640058
2020-08-31,128.97968319025028
2020-09-01,129.55867241853764
2020-09-02,130.19660924124736
2020-09-03,129.16392854004206
2020-09-04,128.3833244735359
2020-09-08,127.73933688794777
2020-09-09,128.27801390373907
2020-09-10,127.87719191836506
2020-09-11,127.97030245341254
2020-09-14,128.34485971188872
2020-09-15,128.47748288252143
2020-09-16,128.3203757558877
2020-09-17,128.1167963901505
2020-09-18,127.68357801131434
2020-09-21,127.43781534859089
2020-09-22,127.73611543176303
2020-09-23,126.97854459657329
2020-09-24,127.07897847204573
2020-09-25,127.58806480542124
2020-09-28,128.10883226828648
2020-09-29,127.99801922422158
2020-09-30,127.99164234363926
2020-10-01,128.25608872442447
2020-10-02,127.92596965294634
2020-10-05,127.89533159898576
2020-10-06,127.6593284057246
2020-10-07,127.96925797944317
2020-10-08,128.40749913165462
2020-10-09,128.67025094501903
2020-10-12,129.2430851795471
2020-10-13,129.1922441075998
2020-10-14,129.06295503895507
2020-10-15,128.96142544879973
2020-10-16,128.86697104426403
2020-10-19,128.33830992297544
2020-10-20,128.238187957927
2020-10-21,128.0863884658156
2020-10-22,127.97108787989133
2020-10-23,128.22297488371217
2020-10-26,127.96850778332566
2020-10-27,128.1096901285137
2020-10-28,127.12201315962551
2020-10-29,127.07099731447259
2020-10-30,126.48201764856543
2020-11-02,127.01535131965562
2020-11-03,127.34654515791033
2020-11-04,128.64587190321035
2020-11-05,129.23397295728083
2020-11-06,128.89481965576223
2020-11-09,128.61727596582023
2020-11-10,128.4056381313547
2020-11-11,128.73685377773697
2020-11-12,128.94704284665605
2020-11-13,129.28293623902806
2020-11-16,129.60303416134965
2020-11-17,129.6901271706335
2020-11-18,129.4452725639331
2020-11-19,129.74471726477654
2020-11-20,129.74179351595913
2020-11-23,129.8037729150509
2020-11-24,130.03373937637912
2020-11-25,129.9907938938917
2020-11-27,130.35828041565836
2020-11-30,130.25985489422519
2020-12-01,130.22134752385182
2020-12-02,130.13448620579794
2020-12-03,130.46400278475775
2020-12-04,130.39711688952715
2020-12-07,130.6134225080489
2020-12-08,130.80917914253635
2020-12-09,130.39342715945116
2020-12-10,130.66000460718837
2020-12-11,130.74248399666774
2020-12-14,130.56867301277975
2020-12-15,130.93227407156883
2020-12-16,130.9612976500222
2020-12-17,131.05673342704264
2020-12-18,130.8618900152091
2020-12-21,130.8094595667659
2020-12-22,130.87504150162948
2020-12-23,130.79674001420727
2020-12-24,131.10613071649183
2020-12-28,131.41682622585355
2020-12-29,131.36547547905633
2020-12-30,131.56426654141666
2020-12-31,131.75734600071618
2021-01-04,131.50810598880787
2021-01-05,131.75095871632357
2021-01-06,131.31278875204904
2021-01-07,131.71798529923365
2021-01-08,131.77913532785476
2021-01-11,131.49461142451833
2021-01-12,131.5765026534425
2021-01-13,132.1935175179199
2021-01-14,132.02917991134652
2021-01-15,131.77662122894444
2021-01-19,132.22433386552845
2021-01-20,132.6316458472773
2021-01-21,132.73740742346283
2021-01-22,132.65269927929543
2021-01-25,133.07597762236136
2021-01-26,132.82274198951086
2021-01-27,131.97919268992192
2021-01-28,132.17329574287135
2021-01-29,131.0878335250491
2021-02-01,131.87531438311038
2021-02-02,132.3808218164044
2021-02-03,132.11594397919157
2021-02-04,132.43935659582206
2021-02-05,132.3731062475608
2021-02-08,132.80542867653395
2021-02-09,132.86726070528303
2021-02-10,133.06829373502828
2021-02-11,133.11417419993703
2021-02-12,132.9188003873327
2021-02-16,132.45201188160547
2021-02-17,132.6137585611542
2021-02-18,132.3063608317773
2021-02-19,131.92080728767496
2021-02-22,131.38181985092262
2021-02-23,131.48208640762948
2021-02-24,131.7401546146887
2021-02-25,129.87177709598987
2021-02-26,130.58781850366984
2021-03-01,131.26778872074468
2021-03-02,130.9752030757948
2021-03-03,130.18418133804397
2021-03-04,129.22602827997068
2021-03-05,129.82263622584688
2021-03-08,129.05125062630984
2021-03-09,130.01053475135666
2021-03-10,130.31963978509557
2021-03-11,130.90943959346592
2021-03-12,130.09231577920067
2021-03-15,130.52805122903942
2021-03-16,130.51883640247127
2021-03-17,130.432448014678
2021-03-18,129.36200782942169
2021-03-19,129.49546073739603
2021-03-22,130.16611931832736
2021-03-23,130.10027703804985
2021-03-24,130.05045843968523
2021-03-25,130.1449439535587
2021-03-26,130.721795809168
2021-03-29,130.4764143991643
2021-03-30,130.56332982352677
2021-03-31,130.58887314027777
2021-04-01,131.3616666922079
2021-04-05,131.61181126261422
2021-04-06,131.859269814154
2021-04-07,131.73966728815552
2021-04-08,132.3067379545375
2021-04-09,132.28158460381528
2021-04-12,132.24683553448753
2021-04-13,132.6099488863217
2021-04-14,132.44477582800252
2021-04-15,133.49257142622747
2021-04-16,133.43761566466708
2021-04-19,133.33015612220177
2021-04-20,133.31048154420773
2021-04-21,133.75178935906186
2021-04-22,133.43516898789767
2021-04-23,133.92726617836794
2021-04-26,134.23344520936172
2021-04-27,133.92911262866363
2021-04-28,134.03680883563163
2021-04-29,134.16778777715496
2021-04-30,133.87590955789184
2021-05-03,133.87814183628493
2021-05-04,133.48485883543253
2021-05-05,133.6262530088975
2021-05-06,134.0848651523653
2021-05-07,134.57488007234593
2021-05-10,133.82154662868467
2021-05-11,132.87703587908254
2021-05-12,131.1807865503564
2021-05-13,131.9122007017981
2021-05-14,132.74010592975793
2021-05-17,132.19561214796747
2021-05-18,132.60554131460324
2021-05-19,132.22636074776673
2021-05-20,132.88607439276964
2021-05-21,132.7750624347336
2021-05-24,133.5002769541367
2021-05-25,133.841164018107
2021-05-26,133.87049096728515
2021-05-27,133.73318573395196
2021-05-28,133.9898932893555
2021-06-01,134.36758284089314
2021-06-02,134.38353126330853
2021-06-03,133.98822146321797
2021-06-04,134.87379934286332
2021-06-07,134.66208659199523
2021-06-08,134.79392665438633
2021-06-09,134.9677923020204
2021-06-10,135.56420414522833
2021-06-11,135.52185570626955
2021-06-14,135.37994379267954
2021-06-15,135.38353520182304
2021-06-16,134.65502120618828
2021-06-17,135.10479346528302
2021-06-18,134.89215676991498
2021-06-21,134.9976220755178
2021-06-22,135.1873120540711
2021-06-23,135.1535486083614
2021-06-24,135.4887677732908
2021-06-25,135.45423310328485
2021-06-28,135.88428015282963
2021-06-29,135.90230931476157
2021-06-30,136.047560263965
2021-07-01,136.17180631070897
2021-07-02,136.7483168609256
2021-07-06,137.11261734627826
2021-07-07,137.50190265930956
2021-07-08,137.20178739583582
2021-07-09,137.303001158107
2021-07-12,137.472548256205
2021-07-13,137.05567110465546
2021-07-14,137.560924238112
2021-07-15,137.74971687963966
2021-07-16,137.4405159553704
2021-07-19,137.43045416597155
2021-07-20,137.7168475922382
2021-07-21,137.5716054265337
2021-07-22,137.890213161744
2021-07-23,138.12481466147318
2021-07-26,138.06061697925634
2021-07-27,138.0372423016101
2021-07-28,138.28258986582162
2021-07-29,138.44348582422987
2021-07-30,138.39695515747167
2021-08-02,138.66103126577067
2021-08-03,139.0685081625706
2021-08-04,139.0563617811821
2021-08-05,138.9981720414941
2021-08-06,138.40038989954942
2021-08-09,138.12436925530625
2021-08-10,137.88954174203963
2021-08-11,138.03532349857466
2021-08-12,137.99839885299437
2021-08-13,138.38320938634706
2021-08-16,138.509562031874
2021-08-17,137.8239088289914
2021-08-18,137.7605069050158
2021-08-19,137.71824643637095
2021-08-20,137.9691708101883
2021-08-23,138.5495072245033
2021-08-24,138.4174673515651
2021-08-25,138.4365297437519
2021-08-26,138.19993926045777
2021-08-27,139.11255953244705
2021-08-30,139.44270833371405
2021-08-31,139.3320266792348
2021-09-01,139.48737429477416
2021-09-02,139.74815497248122
2021-09-03,139.5830532733552
2021-09-07,139.11535727827285
2021-09-08,139.01805453381107
2021-09-09,139.3931489514837
2021-09-10,138.97508862252698
2021-09-13,139.2998175786176
2021-09-14,139.42504656949953
2021-09-15,139.55094113555126
2021-09-16,139.201589430953
2021-09-17,138.49928997757775
2021-09-20,137.77480859834955
2021-09-21,137.87233088841538
2021-09-22,138.4328705598398
2021-09-23,138.3735971015738
2021-09-24,138.00083302066048
2021-09-27,137.74178163212122
2021-09-28,136.24659501548393
2021-09-29,136.04908855675527
2021-09-30,135.7021875595527
2021-10-01,136.39809912368264
2021-10-04,135.47662822171043
2021-10-05,135.71354912440285
2021-10-06,135.8125819144145
2021-10-07,136.10315817172372
2021-10-08,135.67353146255897
2021-10-11,135.23242411116348
2021-10-12,135.451530102029
2021-10-13,135.97273084232472
2021-10-14,136.96546447086016
2021-10-15,137.17887394636506
2021-10-18,137.1498186770372
2021-10-19,137.3182166827549
2021-10-20,137.28476965415052
2021-10-21,137.24249562777177
2021-10-22,137.5163842469979
2021-10-25,137.76769315490654
2021-10-26,138.1764022799217
2021-10-27,138.57938165275488
2021-10-28,138.7971967438024
2021-10-29,138.64052921495764
2021-11-01,138.65277547199258
2021-11-02,138.9623022954853
2021-11-03,139.13705896476782
2021-11-04,139.6775282613547
2021-11-05,140.37355870968472
2021-11-08,140.421718910188
2021-11-09,140.79400623054752
2021-11-10,139.61687032148862
2021-11-11,139.60218913857815
2021-11-12,140.00328013069867
2021-11-15,139.64130253614425
2021-11-16,139.67615922458404
2021-11-17,139.99022613799835
2021-11-18,140.3575108613893
2021-11-19,140.27344345933255
2021-11-22,139.3701279328644
2021-11-23,138.76805184242372
2021-11-24,139.16566139070378
2021-11-26,138.78264396712223
2021-11-29,139.2408441124855
2021-11-30,138.9862080890428
2021-12-01,138.89442623486337
2021-12-02,139.51245310351953
2021-12-03,139.58451185489838
2021-12-06,139.5635830477294
2021-12-07,140.2056659161101
2021-12-08,139.856798151681
2021-12-09,139.6116436084573
2021-12-10,139.9276476057452
2021-12-13,139.80957157887607
2021-12-14,139.33788549978377
2021-12-15,139.87647895240212
2021-12-16,139.6743682786907
2021-12-17,139.64562887930103
2021-12-20,139.03015594492928
2021-12-21,139.68230030126605
2021-12-22,140.24894875630616
2021-12-23,140.26304724830612
2021-12-27,140.95460642796172
2021-12-28,140.90257729864027
2021-12-29,140.64149282723653
2021-12-30,140.8472841325562
2021-12-31,140.71330159180752
2022-01-03,140.29764052093896
2022-01-04,140.2606611030796
2022-01-05,139.05274115405794
2022-01-06,138.87652938245145
2022-01-07,138.4371594767779
2022-01-10,138.24366017478835
2022-01-11,139.07160798637145
2022-01-12,139.14704805649032
2022-01-13,138.9889824265387
2022-01-14,138.42443475542092
2022-01-18,137.12071031717156
2022-01-19,136.91917754954432
2022-01-20,136.62833071145653
2022-01-21,136.11732276790121
2022-01-24,136.0243230508441
2022-01-25,135.34621015167457
2022-01-26,134.7074080126035
2022-01-27,134.60830438358795
2022-01-28,135.51729792211728
2022-01-31,136.63037879345214
2022-02-01,136.78933552996884
2022-02-02,137.27313433842923
2022-02-03,135.95181691735684
2022-02-04,135.54100643677864
2022-02-07,135.50825229801322
2022-02-08,135.67622883269462
2022-02-09,136.46946385430834
2022-02-10,135.10341353628874
2022-02-11,134.96774681587686
2022-02-14,134.25434557680504
2022-02-15,134.76784595725468
2022-02-16,135.11402332399226
2022-02-17,134.48701698920405
2022-02-18,134.57717341623524
2022-02-22,134.09742120787968
2022-02-23,133.11932823547488
2022-02-24,133.47553605366818
2022-02-25,134.40512236658492
2022-02-28,135.15501681066266
2022-03-01,135.12757601087588
2022-03-02,134.87530368711316
2022-03-03,134.77791058932883
2022-03-04,134.83300343039656
2022-03-07,132.95308933616153
2022-03-08,132.5144481940044
2022-03-09,133.35141447586943
2022-03-10,132.84308591486075
2022-03-11,132.32415282486116
2022-03-14,131.17471645563518
2022-03-15,131.7623794301372
2022-03-16,132.82215036189766
2022-03-17,133.56943113936998
2022-03-18,134.0941718654458
2022-03-21,133.1285269409341
2022-03-22,133.1967992017555
2022-03-23,133.2958888541778
2022-03-24,133.56201085184074
2022-03-25,133.02039586129513
2022-03-28,133.30280094962032
2022-03-29,134.1180041701326
2022-03-30,134.2025513924767
2022-03-31,133.57734749453945
2022-04-01,133.55125367553802
2022-04-04,134.22408609356884
2022-04-05,132.47164068741353
2022-04-06,131.39518749983685
2022-04-07,131.35759133185476
2022-04-08,130.8940479494293
2022-04-11,129.15355881021569
2022-04-12,128.99460500504588
2022-04-13,130.10762180765303
2022-04-14,128.54294677052118
2022-04-18,128.22229092958713
2022-04-19,128.98174173782675
2022-04-20,129.56025744432162
2022-04-21,128.27431697399922
2022-04-22,126.19477400122547
2022-04-25,126.84764713065047
2022-04-26,124.99314645831655
2022-04-27,124.86140786760427
2022-04-28,126.75599781075809
2022-04-29,123.8217531915914
2022-05-02,123.61708091146217
2022-05-03,124.17747094409287
2022-05-04,126.74586678850498
2022-05-05,123.00353217464523
2022-05-06,122.1814522798091
2022-05-09,119.40238352705035
2022-05-10,119.85916566832738
2022-05-11,119.02564289009868
2022-05-12,118.72468945763202
2022-05-13,120.60992696860679
2022-05-16,120.3481684324363
2022-05-17,121.77859439992748
2022-05-18,119.2441758801673
2022-05-19,119.05233895162966
2022-05-20,119.26138632971103
2022-05-23,120.50724510773226
2022-05-24,120.34316237098587
2022-05-25,121.01434135093575
2022-05-26,122.42644681797896
2022-05-27,124.51535615970253
2022-05-31,123.90454585316174
2022-06-01,123.15395859256652
2022-06-02,124.81687292924377
2022-06-03,123.41189949602933
2022-06-06,123.29172559027873
2022-06-07,124.16451691835202
2022-06-08,123.16564429802318
2022-06-09,121.32223562832525
2022-06-10,118.93747370850275
2022-06-13,115.15948154867816
2022-06-14,114.65898633529194
2022-06-15,116.18525751932835
2022-06-16,113.550264211987
2022-06-17,113.54691539350056
2022-06-21,115.23116251783277
2022-06-22,115.18967803131474
2022-06-23,115.69002099529071
2022-06-24,117.80756583501459
2022-06-27,117.47420771037439
2022-06-28,116.08815136457922
2022-06-29,116.11605680369493
2022-06-30,115.43046784376719
2022-07-01,116.13887144883633
2022-07-05,115.90165292970548
2022-07-06,115.69071242710355
2022-07-07,117.06122097980507
2022-07-08,116.96497905779718
2022-07-11,115.96984944241588
2022-07-12,115.41437051497917
2022-07-13,115.34577711574643
2022-07-14,114.81159866321872
2022-07-15,116.26828927252932
2022-07-18,115.86829649843287
2022-07-19,117.94128844786164
2022-07-20,118.25322088285243
2022-07-21,119.35983628067959
2022-07-22,118.9196812076527
2022-07-25,119.08244876745101
2022-07-26,117.99988513347951
2022-07-27,120.2166331630951
2022-07-28,121.31132925541961
2022-07-29,122.45560046347735
2022-08-01,122.33089263062081
2022-08-02,121.45732743239222
2022-08-03,122.82240428344834
2022-08-04,122.69828941203745
2022-08-05,122.25265773477388
2022-08-08,122.56927284396998
2022-08-09,122.13345099552342
2022-08-10,123.94911552286845
2022-08-11,123.56186908353345
2022-08-12,125.0972016539035
2022-08-15,125.27249292176887
2022-08-16,125.63147293401227
2022-08-17,124.81752127132043
2022-08-18,125.07367927789103
2022-08-19,123.54229062235267
2022-08-22,121.76482840220633
2022-08-23,121.78096270495935
2022-08-24,121.90102331602601
2022-08-25,123.17306260367958
2022-08-26,120.51944771808631
2022-08-29,119.8347963532358
2022-08-30,119.0800088212004
2022-08-31,118.34331971037123
2022-09-01,118.22312406670383
2022-09-02,117.46358421285909
2022-09-06,116.9258952475366
2022-09-07,118.35504955209326
2022-09-08,118.84303911019741
2022-09-09,120.25488886288423
2022-09-12,121.18144071316337
2022-09-13,117.45000904206759
2022-09-14,118.00553163120279
2022-09-15,116.89520631685816
2022-09-16,116.16204548698985
2022-09-19,116.78439942502095
2022-09-20,115.77622785343918
2022-09-21,114.42306269499935
2022-09-22,113.32668139483
2022-09-23,111.47594342536138
2022-09-26,110.20092006528961
2022-09-27,109.95095111179063
2022-09-28,111.64823860492538
2022-09-29,109.72491848270832
2022-09-30,108.7267617493283
2022-10-03,110.97690911096063
2022-10-04,113.68415049496052
2022-10-05,113.26577916099532
2022-10-06,112.1404954709404
2022-10-07,109.81491787194473
2022-10-10,109.11174891691691
2022-10-11,108.39354876199887
2022-10-12,108.30352738034941
2022-10-13,110.23025825954085
2022-10-14,108.31279937205485
2022-10-17,110.46267423998756
2022-10-18,111.03243397804535
2022-10-19,110.21548291948073
2022-10-20,109.81310874520865
2022-10-21,111.74669927042396
2022-10-24,112.23473323453648
2022-10-25,113.47765290639786
2022-10-26,113.37013781062839
2022-10-27,113.13252538994082
2022-10-28,114.62959199758919
2022-10-31,114.0423278218349
2022-11-01,114.01883598914857
2022-11-02,112.02533458169191
2022-11-03,111.35671212033185
2022-11-04,113.15851924368827
2022-11-07,113.78645651480203
2022-11-08,114.57438649245825
2022-11-09,112.97577238143548
2022-11-10,117.96071175398215
2022-11-11,119.03434414286521
2022-11-14,118.05245035450905
2022-11-15,119.21211403591107
2022-11-16,118.43818956968974
2022-11-17,118.07921694538322
2022-11-18,118.2825566929562
2022-11-21,117.82691177641995
2022-11-22,119.21172054644641
2022-11-23,119.78332812013554
2022-11-25,119.96474878831992
2022-11-28,118.50681015954027
2022-11-29,118.60224283021643
2022-11-30,121.5236571034848
2022-12-01,121.77219861931911
2022-12-02,121.62194871411722
2022-12-05,119.78539814611266
2022-12-06,118.37790341703835
2022-12-07,118.41196681838662
2022-12-08,119.07535363438481
2022-12-09,118.25774540622311
2022-12-12,119.28485945769064
2022-12-13,120.03166596108748
2022-12-14,119.55179058491461
2022-12-15,117.13554782287302
2022-12-16,116.10438924891677
2022-12-19,115.43689033049483
2022-12-20,115.46652557401964
2022-12-21,116.71240791283304
2022-12-22,115.35542631253661
2022-12-23,115.64895929725336
2022-12-27,115.50969417385213
2022-12-28,114.24528164248223
2022-12-29,116.00973135927505
2022-12-30,115.38913512733633
2023-01-03,115.47113718609471
2023-01-04,116.66722978997828
2023-01-05,115.57323252159483
2023-01-06,118.246928778523
2023-01-09,118.66859180174708
2023-01-10,119.2125992069121
2023-01-11,120.27757797203095
2023-01-12,121.04823789888457
2023-01-13,121.33582679098275
2023-01-17,121.33373332462936
2023-01-18,120.24044092881768
2023-01-19,119.71374985973478
2023-01-20,121.41463424532093
2023-01-23,122.51444257710631
2023-01-24,122.4225519836064
2023-01-25,122.40398636470115
2023-01-26,123.45732794517188
2023-01-27,123.24984097144102
2023-01-30,121.95166361553042
2023-01-31,123.25776185010105
2023-02-01,124.40856957167135
2023-02-02,125.42872304291316
2023-02-03,124.21639623457149
2023-02-06,123.06494430140133
2023-02-07,124.25612231215004
2023-02-08,123.42924238916159
2023-02-09,122.94910302844728
2023-02-10,122.96084668651564
2023-02-13,124.11197987944433
2023-02-14,124.17737554517133
2023-02-15,124.24538255520928
2023-02-16,123.113977338566
2023-02-17,122.91046829268203
2023-02-21,120.72334531929523
2023-02-22,120.41118206884687
2023-02-23,121.21958184225737
2023-02-24,119.61607967459395
2023-02-27,120.33060198202405
2023-02-28,119.72645783999474
2023-03-01,119.90119311788875
2023-03-02,120.47026800638548
2023-03-03,122.28039585047917
2023-03-06,122.19987772474057
2023-03-07,120.46055869643871
2023-03-08,120.81612095374233
2023-03-09,118.87639360315157
2023-03-10,117.63082971895368
2023-03-13,117.3411658328888
2023-03-14,118.85524170497123
2023-03-15,117.1292308622869
2023-03-16,119.00387153886831
2023-03-17,117.86765851358221
2023-03-20,119.08334761852542
2023-03-21,120.38937934519168
2023-03-22,119.43629897459226
2023-03-23,119.89174676295958
2023-03-24,120.02801915383547
2023-03-27,120.20767364638847
2023-03-28,120.03532496353904
2023-03-29,121.5479049591195
2023-03-30,122.45777932325156
2023-03-31,123.5877750984677
2023-04-03,124.3857451228049
2023-04-04,124.0568427956043
2023-04-05,123.6968196339986
2023-04-06,124.02841800895753
2023-04-10,124.04445171344717
2023-04-11,124.38177186519854
2023-04-12,124.42754772144748
2023-04-13,125.74340838191239
2023-04-14,125.3624324289257
2023-04-17,125.414684471606
2023-04-18,125.53111278036062
2023-04-19,125.26446390228517
2023-04-20,124.91253361334284
2023-04-21,124.86951678334825
2023-04-24,125.18902786106266
2023-04-25,123.2988446738618
2023-04-26,123.07701119407457
2023-04-27,124.93395462870825
2023-04-28,125.72002861935097
2023-05-01,125.49826715973549
2023-05-02,124.35229673514145
2023-05-03,123.9384146809843
2023-05-04,123.60164109278774
2023-05-05,125.62200476601737
2023-05-08,125.63791026378279
2023-05-09,125.11283449782047
2023-05-10,125.38838727706232
2023-05-11,124.6988975359091
2023-05-12,124.35161232315298
2023-05-15,125.20785658280411
2023-05-16,124.18610371104752
2023-05-17,125.3166453362125
2023-05-18,125.58212654961005
2023-05-19,125.7915431166319
2023-05-22,125.81993621137558
2023-05-23,124.46109011359955
2023-05-24,123.26335448487612
2023-05-25,123.7013729535032
2023-05-26,125.30050681476612
2023-05-30,124.94267319172423
2023-05-31,123.91722984484187
2023-06-01,125.16901812602264
2023-06-02,126.69960382881524
2023-06-05,126.22918153257824
2023-06-06,126.68933813728557
2023-06-07,126.40012034267313
2023-06-08,127.01877149003954
2023-06-09,127.05624747684715
2023-06-12,127.87928303775897
2023-06-13,128.78147412539616
2023-06-14,128.95299566930242
2023-06-15,130.32493437670155
2023-06-16,130.0160178226017
2023-06-20,129.13925753760276
2023-06-21,128.850192752192
2023-06-22,128.84683535392253
2023-06-23,127.71007096537802
2023-06-26,127.7437109657926
2023-06-27,128.89669395606913
2023-06-28,128.9280663997349
2023-06-29,129.12651967452408
2023-06-30,130.54047417513152
2023-07-03,130.8317831000401
2023-07-05,130.07321759578238
2023-07-06,128.3879677595526
2023-07-07,128.57061674423647
2023-07-10,128.90967505045597
2023-07-11,129.89056248516346
2023-07-12,131.51146639299458
2023-07-13,132.83019245006983
2023-07-14,132.5022932521346
2023-07-17,132.91350704524467
2023-07-18,133.55819511311228
2023-07-19,133.6719555423872
2023-07-20,132.99539956216637
2023-07-21,133.05119563869565
2023-07-24,133.51066920361188
2023-07-25,133.64512582007978
2023-07-26,133.74401660521673
2023-07-27,132.7263699296375
2023-07-28,133.9106545931495
2023-07-31,133.99055857812883
2023-08-01,133.2147718652839
2023-08-02,131.10346317067226
2023-08-03,130.66061733129985
2023-08-04,130.75844185142537
2023-08-07,131.6978962988761
2023-08-08,131.04601393466643
2023-08-09,130.79835561476935
2023-08-10,130.84522473167186
2023-08-11,130.50557723734332
2023-08-14,130.63353166826752
2023-08-15,129.05857206164148
2023-08-16,128.35198455955572
2023-08-17,127.60913102204054
2023-08-18,127.613350461008
2023-08-21,128.2604742704972
2023-08-22,127.80394698333355
2023-08-23,129.15114737832874
2023-08-24,127.73147455434146
2023-08-25,128.35549825520914
2023-08-28,129.22415948389371
2023-08-29,130.86892250857554
2023-08-30,131.21343908765263
2023-08-31,130.68098551013182
2023-09-01,130.90394078599422
2023-09-05,130.2590485994617
2023-09-06,129.42790674869696
2023-09-07,129.19400112786852
2023-09-08,129.53447261182933
2023-09-11,130.44084752110743
2023-09-12,129.9967123588802
2023-09-13,130.11515266319117
2023-09-14,131.35215828550463
2023-09-15,130.42276276862856
2023-09-18,130.28785072402698
2023-09-19,129.95256218202536
2023-09-20,129.12334674796332
2023-09-21,127.12966931426892
2023-09-22,127.04923308766388
2023-09-25,127.22334243159872
2023-09-26,125.59416692305629
2023-09-27,125.54889593441766
2023-09-28,126.33135779446141
2023-09-29,126.0475121481616
2023-10-02,125.18008215152994
2023-10-03,123.86362910392435
2023-10-04,124.40185297159269
2023-10-05,124.8104654839831
2023-10-06,126.13209465326602
2023-10-09,126.57441582183785
2023-10-10,127.49717096773195
2023-10-11,128.06112293883243
2023-10-12,126.97809774451277
2023-10-13,126.43673738602077
2023-10-16,127.56680769181878
2023-10-17,127.5310024845751
2023-10-18,125.6925511590034
2023-10-19,124.96154869019378
2023-10-20,123.66171511989414
2023-10-23,123.52898012484992
2023-10-24,124.07329968441454
2023-10-25,122.72152426056576
2023-10-26,121.63383585358099
2023-10-27,120.95956898251973
2023-10-30,122.30210724002369
2023-10-31,122.59164023765513
2023-11-01,123.65987736631489
2023-11-02,125.95916159044576
2023-11-03,126.93969817813303
2023-11-06,126.93385438646106
2023-11-07,126.79410612402636
2023-11-08,126.9207961007255
2023-11-09,126.41329487626356
2023-11-10,127.56504081417988
2023-11-13,127.63768089892848
2023-11-14,130.0723184554971
2023-11-15,130.16045964099834
2023-11-16,130.12703189383657
2023-11-17,130.72095205251543
2023-11-20,131.32190472027554
2023-11-21,131.15156667504638
2023-11-22,131.42013433314142
2023-11-24,131.78316586653392
2023-11-27,131.51088416488946
2023-11-28,131.8027734131394
2023-11-29,131.89509484680445
2023-11-30,132.26944611511826
2023-12-01,133.3510812639273
2023-12-04,132.7956918732995
2023-12-05,132.7841809244276
2023-12-06,132.45970696490957
2023-12-07,133.18204952035322
2023-12-08,133.668240774712
2023-12-11,134.0448098157739
2023-12-12,134.33072435816604
2023-12-13,136.25146297091493
2023-12-14,137.2280287120382
2023-12-15,136.52930189897603
2023-12-18,137.0765619897574
2023-12-19,138.02394049200376
2023-12-20,136.20561137013752
2023-12-21,137.78190019893287
2023-12-22,138.07096089717953
2023-12-26,138.87236548105219
2023-12-27,139.38333949276193
2023-12-28,139.2157974288138
2023-12-29,138.92832797592428
2024-01-02,137.99870474418566
2024-01-03,137.11698890358724
2024-01-04,137.11390442905952
2024-01-05,137.21749005697984
2024-01-08,138.53955003049012
2024-01-09,137.97727971764428
2024-01-10,138.5623535522194
2024-01-11,138.4353244143131
2024-01-12,138.84715976318535
2024-01-16,137.70402509580464
2024-01-17,136.67659735083396
2024-01-18,137.64085750055392
2024-01-19,138.77003957894775
2024-01-22,138.97316431046963
2024-01-23,138.9061753347123
2024-01-24,139.16552818756045
2024-01-25,139.87460536233655
2024-01-26,140.2140532256576
2024-01-29,141.15871483029179
2024-01-30,141.08367266714936
2024-01-31,139.5870745398505
2024-02-01,140.94813650844043
2024-02-02,141.2890408506494
2024-02-05,140.5865089561056
2024-02-06,141.35251590539684
2024-02-07,141.80958823920545
2024-02-08,141.63084409706977
2024-02-09,142.2030304186116
2024-02-12,142.06184637600023
2024-02-13,140.22309891254585
2024-02-14,141.57863346035023
2024-02-15,142.61569827681302
2024-02-16,142.3727500293317
2024-02-20,142.31983741204778
2024-02-21,142.22072426252245
2024-02-22,144.18417839457152
2024-02-23,144.39877023818545
2024-02-26,143.93773957404426
2024-02-27,144.12553447894956
2024-02-28,143.7035287956005
2024-02-29,144.0494539420454
2024-03-01,145.20287960269843
2024-03-04,145.06738086562692
2024-03-05,144.2451881475036
2024-03-06,145.07953755714823
2024-03-07,146.31123177988488
2024-03-08,145.7506585451673
2024-03-11,145.64441474272127
2024-03-12,146.64580623661112
2024-03-13,146.48596999296637
2024-03-14,146.03844689564187
2024-03-15,145.37630949663813
2024-03-18,145.80457731466177
2024-03-19,146.08485660096133
2024-03-20,147.3777115039267
2024-03-21,147.4756324707878
2024-03-22,147.23202471789895
2024-03-25,147.01431274144147
2024-03-26,146.85248225345825
2024-03-27,147.93489417760136
2024-03-28,148.04740741914242
2024-04-01,147.76601871795572
2024-04-02,147.00694663184737
2024-04-03,147.3253858109713
2024-04-04,146.22496490161964
2024-04-05,147.16098179163671
2024-04-08,147.45893823680385
2024-04-09,147.54435423830674
2024-04-10,146.22920495327705
2024-04-11,146.73185874415248
2024-04-12,144.9827042460025
2024-04-15,143.84096802365616
2024-04-16,143.3806967682563
2024-04-17,143.18348304839793
2024-04-18,142.9855186341997
2024-04-19,142.66296713525026
2024-04-22,143.8224278378117
2024-04-23,145.07704527092915
2024-04-24,144.90940225753442
2024-04-25,144.7694797067272
2024-04-26,145.69472558420574
2024-04-29,146.107321543098
2024-04-30,144.36951731993588
2024-05-01,144.109054768876
2024-05-02,145.3564114882222
2024-05-03,146.51915689161743
2024-05-06,147.49535142669
2024-05-07,147.64140424624216
2024-05-08,147.71449454527325
2024-05-09,148.38726868482323
2024-05-10,148.45799181840454
2024-05-13,148.58519541716237
2024-05-14,149.25601610798876
2024-05-15,150.47580334178656
2024-05-16,150.23272048291764
2024-05-17,150.52666247555044
2024-05-20,150.58616582506139
2024-05-21,150.80387264006964
2024-05-22,150.30007026525865
2024-05-23,149.62525975261678
2024-05-24,150.50779129893894
2024-05-28,150.2596316899138
2024-05-29,148.99837722324037
2024-05-30,148.8139692787527
2024-05-31,149.9073364258549
2024-06-03,150.48975703844962
2024-06-04,149.72828271806137
2024-06-05,151.26203389558472
2024-06-06,151.45923522716893
2024-06-07,151.01484101614145
2024-06-10,151.05155511095234
2024-06-11,150.88848649950694
2024-06-12,152.07744161044312
2024-06-13,151.76729748806426
2024-06-14,151.34924365854167
2024-06-17,152.27723067283674
2024-06-18,152.71801232936352
2024-06-20,152.5422393389211
2024-06-21,152.12180820127426
2024-06-24,152.311634948483
2024-06-25,152.601016357668
2024-06-26,152.42468232466922
2024-06-27,152.5768418395221
2024-06-28,152.1039198853531
2024-07-01,152.2322256386943
2024-07-02,152.91319272127575
2024-07-03,153.78363090295755
2024-07-05,154.46680113737102
2024-07-08,154.7108362667994
2024-07-09,154.70559272495728
2024-07-10,155.7858871443772
2024-07-11,155.3469751362335
2024-07-12,156.06615550501502
2024-07-15,155.8437877173788
2024-07-16,156.70925863809467
2024-07-17,155.0696157946922
2024-07-18,154.17571796777375
2024-07-19,153.17191904005637
2024-07-22,154.0869378293977
2024-07-23,153.61891807235432
2024-07-24,151.34742397305058
2024-07-25,151.09605316225867
2024-07-26,152.57141761355024
2024-07-29,152.37527134538732
2024-07-30,151.9955806424349
2024-07-31,154.0177222315032
2024-08-01,152.58320299619425
2024-08-02,150.9029337835346
2024-08-05,147.6188337471781
2024-08-06,148.46107653233415
2024-08-07,148.0650633981956
2024-08-08,150.2984600666413
2024-08-09,150.8711672275392
2024-08-12,151.00924675382024
2024-08-13,152.62418346527633
2024-08-14,152.85886718928614
2024-08-15,154.3941252945624
2024-08-16,154.87705911349926
2024-08-19,155.84457212933862
2024-08-20,155.57903836034248
2024-08-21,156.15420910944326
2024-08-22,155.25100578638154
2024-08-23,156.74137196476426
2024-08-26,156.4774081828407
2024-08-27,156.73560608171775
2024-08-28,156.13230910048514
2024-08-29,156.3124802932113
2024-08-30,156.99322835140367
2024-09-03,155.0449768953845
2024-09-04,155.06045920008668
2024-09-05,154.81850206613632
2024-09-06,153.18720838626743
2024-09-09,154.34360787765903
2024-09-10,154.60646293911566
2024-09-11,155.48847074584722
2024-09-12,156.39047374282808
2024-09-13,156.9279920417058
2024-09-16,157.3354348350158
2024-09-17,157.1848757537533
2024-09-18,156.82268249479606
2024-09-19,158.61238137228588
2024-09-20,158.4478697255625
2024-09-23,158.91830466367617
2024-09-24,159.20046515231806
2024-09-25,158.88031346785235
2024-09-26,159.5259419182041
2024-09-27,159.38630677157636
2024-09-30,159.38017594718858
2024-10-01,158.4461815740402
2024-10-02,158.35757738199698
2024-10-03,157.63335624209563
2024-10-04,158.16653675937465
2024-10-07,157.00753903102793
2024-10-08,157.7718660918273
2024-10-09,158.36103393617802
2024-10-10,158.20239926278853
2024-10-11,158.81320510446727
2024-10-14,159.64676568516919
2024-10-15,158.7539962899111
2024-10-16,159.302829933146
2024-10-17,159.13240963791492
2024-10-18,159.67732576009956
2024-10-21,159.0341921668916
2024-10-22,158.7757339745152
2024-10-23,157.6698656826149
2024-10-24,158.01540136527362
2024-10-25,157.55869525727888
2024-10-28,158.12900230795933
2024-10-29,158.07075779979056
2024-10-30,157.4813196187943
2024-10-31,155.62522390998626
2024-11-01,156.12681502588674
2024-11-04,156.00991078587157
2024-11-05,157.4161283351289
2024-11-06,158.99894596818007
2024-11-07,160.1932199773985
2024-11-08,159.98002974975248
2024-11-11,159.65562425569942
2024-11-12,158.6287937746093
2024-11-13,158.57453508576933
2024-11-14,157.88447499235863
2024-11-15,156.66686269150745
2024-11-18,157.3337838130712
2024-11-19,157.80419829974053
2024-11-20,157.716997259552
2024-11-21,158.07903449781944
2024-11-22,158.97104520783856
2024-11-25,159.52620450917357
2024-11-26,159.7150664123985
2024-11-27,159.43362066957795
2024-11-29,160.1070816815738
2024-12-02,160.241968386272
2024-12-03,160.34494260268613
2024-12-04,160.80680256602545
2024-12-05,160.92719742164843
2024-12-06,160.76102010673583
2024-12-09,160.54532950150036
2024-12-10,159.8380053213503
2024-12-11,160.60027546454103
2024-12-12,159.57810568147045
2024-12-13,159.53198214846498
2024-12-16,159.8213086237963
2024-12-17,159.3020178182907
2024-12-18,155.65015677502745
2024-12-19,155.4666614643942
2024-12-20,156.30968045641313
2024-12-23,157.09008457656236
2024-12-24,158.18869047356162
2024-12-26,158.1876718033314
2024-12-27,157.04570666695437
2024-12-30,155.9955567015866
2024-12-31,155.62441647639048
2025-01-02,155.66890419333296
2025-01-03,156.63299796974897
2025-01-06,156.98602728161524
2025-01-07,156.03927754284982
2025-01-08,156.07084214676476
2025-01-10,154.29074195626293
2025-01-13,154.25865958750018
2025-01-14,154.41150602334926
2025-01-15,156.31829415488392
2025-01-16,156.33234046593304
2025-01-17,157.10535524664408
2025-01-21,158.20451020781232
2025-01-22,158.49515483425645
2025-01-23,159.13982189484906
2025-01-24,158.8846040345424
2025-01-27,157.86302299735468
2025-01-28,158.55375121956158
2025-01-29,158.20319120994452
2025-01-30,159.01843453279147
2025-01-31,158.50976553086252
2025-02-03,157.819106903065
2025-02-04,158.64703671601762
2025-02-05,159.30847482225053
2025-02-06,159.65883694052636
2025-02-07,158.70055950965164
2025-02-10,159.3975186975239
2025-02-11,159.471810359654
2025-02-12,159.26812330144136
2025-02-13,160.50361232953287
2025-02-14,160.4531478406118
2025-02-18,160.65790589666054
2025-02-19,160.5959446126021
2025-02-20,160.32103299625777
2025-02-21,158.66168177353555
2025-02-24,158.387989524917
2025-02-25,158.13797756591885
2025-02-26,158.14481006093695
2025-02-27,156.63997518214163
2025-02-28,158.00895749983763
2025-03-03,157.21965807013424
2025-03-04,156.21137136716033
2025-03-05,157.6619060284883
2025-03-06,156.19427357450465
2025-03-07,156.74303757884942
2025-03-10,154.31499532440662
2025-03-11,153.555600282118
2025-03-12,154.00871942810977
2025-03-13,152.89439481325232
2025-03-14,154.9242763619559
2025-03-17,155.67989292642812
2025-03-18,155.0101798941533
2025-03-19,155.8434668765388
2025-03-20,155.39740440494376
2025-03-21,155.24700624649003
2025-03-24,156.52357404752442
2025-03-25,156.88073446394066
2025-03-26,155.60576899083512
2025-03-27,155.40244608596063
2025-03-28,153.8705810708071
2025-03-31,154.2989501937089
2025-04-01,154.64684793843278
2025-04-02,155.1394482120528
2025-04-03,151.1665951211487
2025-04-04,143.9913389683404
2025-04-07,142.00748422901964
2025-04-08,140.61263406309502
2025-04-09,149.881323741321
2025-04-10,146.79539753669835
2025-04-11,149.08867036052268
2025-04-14,150.37735456475914
2025-04-15,150.5506908267371
2025-04-16,148.73508495909385
2025-04-17,149.03899485782364
2025-04-21,147.0909075542186
2025-04-22,149.90475480711996
2025-04-23,151.33041287703563
2025-04-24,153.43983929593205
2025-04-25,154.15710702967473
2025-04-28,154.39872174607183
2025-04-29,155.00398834861056
2025-04-30,155.0002071309489
2025-05-01,155.15855941620336
2025-05-02,156.3346248095913
2025-05-05,156.26235664902023
2025-05-06,155.80335295946648
2025-05-07,155.89500417470725
2025-05-08,155.8459934977794
2025-05-09,156.0824646294626
2025-05-12,157.93988037013764
2025-05-13,158.34340638440966
2025-05-14,158.06507223159474
2025-05-15,158.96646833866942
2025-05-16,159.33148334462464
2025-05-19,159.73259522249458
2025-05-20,159.5709054489546
2025-05-21,158.3904506487485
2025-05-22,158.4577635189107
2025-05-23,158.22329278442658
2025-05-27,160.05040100477086
2025-05-28,159.2622949277499
2025-05-29,159.70728843089807
2025-05-30,159.78225804600518
2025-06-02,160.31504802648706
2025-06-03,160.48348743388033
2025-06-04,160.71605779298002
2025-06-05,160.4250433344178
2025-06-06,161.1941972737694
2025-06-09,161.29524205543092
2025-06-10,161.71265251113562
2025-06-11,161.6272151254555
2025-06-12,161.90183538228948
2025-06-13,160.49092178460822
2025-06-16,161.43980683521858
2025-06-17,160.42139265390844
2025-06-18,160.34559538608187
2025-06-20,160.2927036499887
2025-06-23,161.39192134252457
2025-06-24,162.67460156898093
2025-06-25,162.67957556862697
2025-06-26,163.77864264700725
2025-06-27,164.39268118868623
2025-06-30,164.798562758649
2025-07-01,164.6164435817546
2025-07-02,164.88077753459194
2025-07-03,165.2944659698577
2025-07-07,164.71992708860745
2025-07-08,164.84345368860812
2025-07-09,165.5992580888106
2025-07-10,165.4456701602324
2025-07-11,164.90102792231318
2025-07-14,164.9621015789105
2025-07-15,164.39209298112866
2025-07-16,164.92637381972375
2025-07-17,165.23602169225606
2025-07-18,165.09202765664818
2025-07-21,165.47993480236107
2025-07-22,165.53302524915645
2025-07-23,166.29715547347365
2025-07-24,165.91098054753016
2025-07-25,166.16944747245333
2025-07-28,165.5287428329045
2025-07-29,165.67659388517282
2025-07-30,165.17969869136206
2025-07-31,164.79984964019556
2025-08-01,163.94724501807661
2025-08-04,165.28081131933857
2025-08-05,165.02789382445056
2025-08-06,165.7104121028037
2025-08-07,165.93222072708934
2025-08-08,166.40482906956998
2025-08-11,166.14502645057365
2025-08-12,167.0861601349766
2025-08-13,167.60302678453303
2025-08-14,167.5722775949226
2025-08-15,167.38230733900457
2025-08-18,167.33650299472316
2025-08-19,166.96414241962145
2025-08-20,166.80542024985783
2025-08-21,166.32861654238283
2025-08-22,167.90277350229306
2025-08-25,167.27569012333117
2025-08-26,167.61046033391864
2025-08-27,167.71381525371473
2025-08-28,168.0513112303915
2025-08-29,167.547178991511
2025-09-02,166.5189493168467
2025-09-03,167.02880678651076
2025-09-04,167.7998765391331
2025-09-05,167.87920329962472
2025-09-08,168.27579141340667
2025-09-09,168.2714928940419
2025-09-10,168.3193393111463
2025-09-11,169.15654170262505
2025-09-12,168.96825722219145
2025-09-15,169.4291075557232
2025-09-16,169.17862273130785
2025-09-17,168.9880217334308
2025-09-18,169.3285177341613
2025-09-19,169.38566180531188
2025-09-22,169.71193176944206
2025-09-23,169.43004318932194
2025-09-24,169.12502170787766
2025-09-25,168.45941519746876
2025-09-26,169.18834185138851
2025-09-29,169.48460847239608
2025-09-30,169.96142139233487
2025-10-01,170.71718866701207
2025-10-02,170.80410528040915
2025-10-03,170.96007755970288
2025-10-06,171.0486101267987
2025-10-07,170.72737856246005
2025-10-08,171.2283136617085
2025-10-09,170.60147846402032
2025-10-10,168.795461678383
2025-10-13,170.13334008098687
2025-10-14,169.99450882404628
2025-10-15,170.26201163795042
2025-10-16,170.11023149201657
2025-10-17,170.2632142277619
2025-10-20,171.128082301441
2025-10-21,170.92974897487508
2025-10-22,170.72260931233882
2025-10-23,171.11284606018322
2025-10-24,171.73135727875726
2025-10-27,172.4923568292798
2025-10-28,172.57528394915914
2025-10-29,172.1507933816015
2025-10-30,171.4489194697587
2025-10-31,171.46290470720027
2025-11-03,171.61303247881207
2025-11-04,170.50250629745125
2025-11-05,170.89960207062632
2025-11-06,170.37383414576925
2025-11-07,170.39245333125143
2025-11-10,171.6429546458535
2025-11-11,171.8972885075211
2025-11-12,172.11416998495275
2025-11-13,170.73059275070648
2025-11-14,170.73333781229366
2025-11-17,169.43503453282577
2025-11-18,168.79060489225031
2025-11-19,168.7636561478541
2025-11-20,167.65191715239368
2025-11-21,168.48538704935464
2025-11-24,169.36321363494125
2025-11-25,170.31723295863358
2025-11-26,171.02495534241473
2025-11-28,171.59450434166106
2025-12-01,170.9839538264887
2025-12-02,171.3088496575698
2025-12-03,171.70207946379685
2025-12-04,171.75044115832412
2025-12-05,171.89544118774066
2025-12-08,171.60099486931554
2025-12-09,171.4969236755097
2025-12-10,172.33053074343417
2025-12-11,172.6480077876933
2025-12-12,171.82990165210776
2025-12-15,171.8717997082575
2025-12-16,171.7131766615891
2025-12-17,170.91441070143367
2025-12-18,171.64857451033507
2025-12-19,172.254503199807
2025-12-22,172.7472350553554
2025-12-23,173.05171347123672
2025-12-24,173.4713436331408
2025-12-26,173.56453504803156
2025-12-29,173.2840494871806
2025-12-30,173.3655308585262
2025-12-31,172.72828407506452
2026-01-02,172.97643186859054
2026-01-05,173.7629071616834
2026-01-06,174.13258701856347
2026-01-07,173.8529620092477
2026-01-08,173.91796072315913
2026-01-09,174.3930187212157
2026-01-12,174.77499986308374
2026-01-13,174.5463432784149
2026-01-14,174.4051677610314
2026-01-15,174.4037644048913
2026-01-16,174.3566953335483
2026-01-20,172.75407202972687
2026-01-21,173.70513686150503
2026-01-22,174.12919261604867
2026-01-23,174.54255624930278
2026-01-26,175.02270681442803
2026-01-27,175.599120445406
2026-01-28,175.46344785805962
2026-01-29,175.1508412255679
2026-01-30,174.4952099732275
2026-02-02,174.71631158046674
2026-02-03,174.5925441566539
2026-02-04,174.07390212613086
2026-02-05,173.05038644225363
2026-02-06,175.10123838589303
2026-02-09,175.61956649169747
2026-02-10,175.229612681328
2026-02-11,176.1169627238592
2026-02-12,175.16665845716687
2026-02-13,175.7666442222183
2026-02-17,175.57381013711833
2026-02-18,176.28462540260867
2026-02-19,176.31821320609254
2026-02-20,177.58797155684894
2026-02-23,176.7470603760246
2026-02-24,177.7334571361116
2026-02-25,178.91190188338018
2026-02-26,178.74992011045953
2026-02-27,178.70319466111104
2026-03-02,177.88563260051956
2026-03-03,175.06948625206243
2026-03-04,175.8331365697543
2026-03-05,173.91529593541756
2026-03-06,173.3057138954316
2026-03-09,174.88879320703248
2026-03-10,174.32602171697062
2026-03-11,174.3794992965599
2026-03-12,172.04233458071735
2026-03-13,171.582978802357
2026-03-16,173.7208264826658
2026-03-17,174.20284444594324
2026-03-18,172.64662086725554
2026-03-19,172.85847785921874
2026-03-20,170.13826490579655
2026-03-23,172.28383479334593
2026-03-24,171.2306195599467
2026-03-25,171.85680236464393
2026-03-26,169.3686410068241
2026-03-27,168.81209219193863
2026-03-30,168.31615094877176
2026-03-31,171.13153406974993
2026-04-01,172.14816441363988
2026-04-02,171.92651611849323
2026-04-06,172.53550829481895
2026-04-07,172.83286471967523
2026-04-08,176.1483808155791
2026-04-09,176.2339022226394
2026-04-10,176.16144525853642
2026-04-13,177.16816161389
2026-04-14,178.54175365372913
2026-04-15,178.6233695040584
2026-04-16,178.92860694891078
2026-04-17,180.42387748005015
2026-04-20,180.10557330221644
2026-04-21,178.75302876777013
2026-04-22,180.26637598018738
2026-04-23,179.39650022393548
2026-04-24,180.28303610365285
2026-04-27,180.43198596530968
2026-04-28,179.77938175246823
2026-04-29,179.22592774487296
2026-04-30,181.2604733026707
2026-05-01,181.50123502818698
2026-05-04,181.3240750184089
2026-05-05,183.2035652403402
2026-05-06,185.39625591345833
2026-05-07,184.38740559937173
2026-05-08,186.67007042332344
2026-05-11,187.09588226977004
2026-05-12,184.95825254230328
2026-05-13,186.2518208537454
2026-05-14,186.96905864850535
2026-05-15,184.08127743568207
2026-05-18,183.88526166742886
2026-05-19,182.86692090042823
2026-05-20,184.87889271645872
2026-05-21,186.20145642243318
2026-05-22,186.37579629295612
2026-05-26,189.77596157832755
2026-05-27,189.6083349028056
2026-05-28,190.64531870795633
2026-05-29,190.93329653912124
2026-06-01,192.6612018639028
2026-06-02,192.89768333449604
2026-06-03,192.04931753742346
2026-06-04,191.538291474058
2026-06-05,185.71531579981652
2026-06-08,187.37395089068798
2026-06-09,187.2897583165361
2026-06-10,185.4212775338593
2026-06-11,189.55914816955578
2026-06-12,189.73454398190992
2026-06-15,192.68142840986096
2026-06-16,191.56584906594975
2026-06-17,190.70517392825911
2026-06-18,193.38717829788112
2026-06-22,193.39447679880666
2026-06-23,189.3051818953984
2026-06-24,189.73990675595763
2026-06-25,190.64786117690878
2026-06-26,189.33601980752368
2026-06-29,190.5974619866438
2026-06-30,191.69162958998584
2026-07-01,189.5925211646424
2026-07-02,188.99151198848307
2026-07-06,190.92843117162593
2026-07-07,188.83868087752762
2026-07-08,189.06683366012518
2026-07-09,190.01227942015822
2026-07-10,190.3046430439199
2026-07-13,187.5186130934246
2026-07-14,188.92831451950244
2026-07-15,188.85395765373735
2026-07-16,187.27381084024486
2026-07-17,186.2897895918242
2026-07-20,185.65401561052414
2026-07-21,188.09514977596046
2026-07-22,187.96818228848375
2026-07-23,187.285820073042
2026-07-24,185.92063866497702
2026-07-27,185.83983407094289
2026-07-28,184.31874634645294
2026-07-29,181.74749237074153
2026-07-30,185.64967736477786
2026-07-31,185.76542677390148
2026-08-03,186.78399012870165
2026-08-04,188.9192732817333
2026-08-05,188.97850271742905
2026-08-06,188.67626527619655
2026-08-07,189.59654021540175
2026-08-10,189.22754674089862
2026-08-11,189.51357028311955
2026-08-12,190.43285702451078
2026-08-13,191.22575253365594
2026-08-14,191.08323498504063
2026-08-17,191.09078811784642
2026-08-18,189.63033114690532
2026-08-19,190.28435436462442
2026-08-20,189.8026740024404
2026-08-21,190.31061587227117
2026-08-24,189.92470668784247
2026-08-25,191.05017031645673
2026-08-26,190.8354415494942
2026-08-27,191.46503856580247
2026-08-28,190.85702536986255
2026-08-31,190.63086610964658
2026-09-01,189.9627260236467
2026-09-02,190.49351898086218
2026-09-03,191.71939370597275
2026-09-04,192.1481229607049
2026-09-08,191.55690021514255
2026-09-09,191.0835425710034
2026-09-10,189.3679682222923
2026-09-11,190.49227376519045
2026-09-14,188.98514136916145
2026-09-15,188.58433155243327
2026-09-16,188.39641447554234
2026-09-17,190.09574762430304
2026-09-18,189.8229489498849
2026-09-21,191.77853595329375
2026-09-22,191.9735033604336
2026-09-23,190.00202673500172
2026-09-24,189.73371086391515
2026-09-25,190.64874671990407
2026-09-28,189.70058162216452
2026-09-29,189.58037828737085
